-- phpMyAdmin SQL Dump
-- version 4.5.1
-- http://www.phpmyadmin.net
--
-- Host: 127.0.0.1
-- Generation Time: Jul 15, 2020 at 06:55 AM
-- Server version: 10.1.10-MariaDB
-- PHP Version: 5.6.19

SET SQL_MODE = "NO_AUTO_VALUE_ON_ZERO";
SET time_zone = "+00:00";


/*!40101 SET @OLD_CHARACTER_SET_CLIENT=@@CHARACTER_SET_CLIENT */;
/*!40101 SET @OLD_CHARACTER_SET_RESULTS=@@CHARACTER_SET_RESULTS */;
/*!40101 SET @OLD_COLLATION_CONNECTION=@@COLLATION_CONNECTION */;
/*!40101 SET NAMES utf8mb4 */;

--
-- Database: `agddinkes`
--

-- --------------------------------------------------------

--
-- Table structure for table `gajimasakerja`
--

CREATE TABLE `gajimasakerja` (
  `IdMasaKerja` int(11) NOT NULL,
  `MasaKerja1` int(11) DEFAULT NULL,
  `MasaKerja2` int(11) DEFAULT NULL,
  `StatusAktif` char(1) DEFAULT NULL,
  `TanggalDibuat` timestamp NULL DEFAULT CURRENT_TIMESTAMP
) ENGINE=InnoDB DEFAULT CHARSET=latin1;

--
-- Dumping data for table `gajimasakerja`
--

INSERT INTO `gajimasakerja` (`IdMasaKerja`, `MasaKerja1`, `MasaKerja2`, `StatusAktif`, `TanggalDibuat`) VALUES
(1, 0, 2, '1', NULL),
(2, 2, 4, '1', NULL),
(3, 4, 6, '1', NULL),
(4, 6, 8, '1', NULL),
(5, 8, 10, '1', NULL),
(6, 10, 12, '1', NULL),
(7, 12, 14, '1', NULL),
(8, 14, 16, '1', NULL),
(9, 16, 18, '1', NULL),
(10, 18, 20, '1', NULL),
(11, 20, 22, '1', NULL),
(12, 22, 24, '1', NULL),
(13, 24, 26, '1', NULL),
(14, 26, 28, '1', NULL),
(15, 28, 30, '1', NULL),
(16, 30, 32, '1', NULL),
(17, 32, 34, '1', NULL);

-- --------------------------------------------------------

--
-- Table structure for table `gajipokok`
--

CREATE TABLE `gajipokok` (
  `IdPendidikanFormal` int(11) NOT NULL,
  `IdMasaKerja` int(11) NOT NULL,
  `IdPTKP` int(11) NOT NULL,
  `NominalGaji` double DEFAULT NULL
) ENGINE=InnoDB DEFAULT CHARSET=latin1;

--
-- Dumping data for table `gajipokok`
--

INSERT INTO `gajipokok` (`IdPendidikanFormal`, `IdMasaKerja`, `IdPTKP`, `NominalGaji`) VALUES
(1, 1, 1, 2719298),
(1, 1, 2, 2991228),
(1, 1, 3, 3045614),
(1, 1, 4, 3100000),
(2, 1, 1, 3263158),
(2, 1, 2, 3589474),
(2, 1, 3, 3654737),
(2, 1, 4, 3720000),
(3, 1, 1, 3807018),
(3, 1, 2, 4187719),
(3, 1, 3, 4263860),
(3, 1, 4, 4340000),
(4, 1, 1, 4078947),
(4, 1, 2, 4486842),
(4, 1, 3, 4568421),
(4, 1, 4, 4650000),
(5, 1, 1, 4350877),
(5, 1, 2, 4785965),
(5, 1, 3, 4872982),
(5, 1, 4, 4960000),
(6, 1, 1, 4622807),
(6, 1, 2, 5085088),
(6, 1, 3, 5177544),
(6, 1, 4, 5270000),
(7, 1, 1, 4894737),
(7, 1, 2, 5384211),
(7, 1, 3, 5482105),
(7, 1, 4, 5580000),
(1, 2, 1, 2787281),
(1, 2, 2, 3066009),
(1, 2, 3, 3121754),
(1, 2, 4, 3177500),
(2, 2, 1, 3344737),
(2, 2, 2, 3679211),
(2, 2, 3, 3746105),
(2, 2, 4, 3813000),
(3, 2, 1, 3902193),
(3, 2, 2, 4292412),
(3, 2, 3, 4370456),
(3, 2, 4, 4448500),
(4, 2, 1, 4180921),
(4, 2, 2, 4599013),
(4, 2, 3, 4682632),
(4, 2, 4, 4766250),
(5, 2, 1, 4459649),
(5, 2, 2, 4905614),
(5, 2, 3, 4994807),
(5, 2, 4, 5084000),
(6, 2, 1, 4738377),
(6, 2, 2, 5212215),
(6, 2, 3, 5306982),
(6, 2, 4, 5401750),
(7, 2, 1, 5017105),
(7, 2, 2, 5518816),
(7, 2, 3, 5619158),
(7, 2, 4, 5719500),
(1, 3, 1, 2856963),
(1, 3, 2, 3142659),
(1, 3, 3, 3199798),
(1, 3, 4, 3256938),
(2, 3, 1, 3428355),
(2, 3, 2, 3771191),
(2, 3, 3, 3839758),
(2, 3, 4, 3908325),
(3, 3, 1, 3999748),
(3, 3, 2, 4399723),
(3, 3, 3, 4479718),
(3, 3, 4, 4559713),
(4, 3, 1, 4285444),
(4, 3, 2, 4713988),
(4, 3, 3, 4799697),
(4, 3, 4, 4885406),
(5, 3, 1, 4571140),
(5, 3, 2, 5028254),
(5, 3, 3, 5119677),
(5, 3, 4, 5211100),
(6, 3, 1, 4856837),
(6, 3, 2, 5342520),
(6, 3, 3, 5439657),
(6, 3, 4, 5536794),
(7, 3, 1, 5142533),
(7, 3, 2, 5656786),
(7, 3, 3, 5759637),
(7, 3, 4, 5862488),
(1, 4, 1, 2928387),
(1, 4, 2, 3221225),
(1, 4, 3, 3279793),
(1, 4, 4, 3338361),
(2, 4, 1, 3514064),
(2, 4, 2, 3865471),
(2, 4, 3, 3935752),
(2, 4, 4, 4006033),
(3, 4, 1, 4099742),
(3, 4, 2, 4509716),
(3, 4, 3, 4591710),
(3, 4, 4, 4673705),
(4, 4, 1, 4392580),
(4, 4, 2, 4831838),
(4, 4, 3, 4919690),
(4, 4, 4, 5007541),
(5, 4, 1, 4685419),
(5, 4, 2, 5153961),
(5, 4, 3, 5247669),
(5, 4, 4, 5341378),
(6, 4, 1, 4978258),
(6, 4, 2, 5476083),
(6, 4, 3, 5575648),
(6, 4, 4, 5675214),
(7, 4, 1, 5271096),
(7, 4, 2, 5798206),
(7, 4, 3, 5903628),
(7, 4, 4, 6009050),
(1, 5, 1, 3001596),
(1, 5, 2, 3301756),
(1, 5, 3, 3361788),
(1, 5, 4, 3421820),
(2, 5, 1, 3601916),
(2, 5, 2, 3962107),
(2, 5, 3, 4034146),
(2, 5, 4, 4106184),
(3, 5, 1, 4202235),
(3, 5, 2, 4622459),
(3, 5, 3, 4706503),
(3, 5, 4, 4790548),
(4, 5, 1, 4502395),
(4, 5, 2, 4952634),
(4, 5, 3, 5042682),
(4, 5, 4, 5132730),
(5, 5, 1, 4802554),
(5, 5, 2, 5282810),
(5, 5, 3, 5378861),
(5, 5, 4, 5474912),
(6, 5, 1, 5102714),
(6, 5, 2, 5612985),
(6, 5, 3, 5715040),
(6, 5, 4, 5817094),
(7, 5, 1, 5402874),
(7, 5, 2, 5943161),
(7, 5, 3, 6051218),
(7, 5, 4, 6159276),
(1, 6, 1, 3076636),
(1, 6, 2, 3384300),
(1, 6, 3, 3445833),
(1, 6, 4, 3507365),
(2, 6, 1, 3691964),
(2, 6, 2, 4061160),
(2, 6, 3, 4134999),
(2, 6, 4, 4208839),
(3, 6, 1, 4307291),
(3, 6, 2, 4738020),
(3, 6, 3, 4824166),
(3, 6, 4, 4910312),
(4, 6, 1, 4614955),
(4, 6, 2, 5076450),
(4, 6, 3, 5168749),
(4, 6, 4, 5261048),
(5, 6, 1, 4922618),
(5, 6, 2, 5414880),
(5, 6, 3, 5513332),
(5, 6, 4, 5611785),
(6, 6, 1, 5230282),
(6, 6, 2, 5753310),
(6, 6, 3, 5857916),
(6, 6, 4, 5962521),
(7, 6, 1, 5537945),
(7, 6, 2, 6091740),
(7, 6, 3, 6202499),
(7, 6, 4, 6313258),
(1, 7, 1, 3153552),
(1, 7, 2, 3468908),
(1, 7, 3, 3531979),
(1, 7, 4, 3595050),
(2, 7, 1, 3784263),
(2, 7, 2, 4162689),
(2, 7, 3, 4238374),
(2, 7, 4, 4314060),
(3, 7, 1, 4414973),
(3, 7, 2, 4856471),
(3, 7, 3, 4944770),
(3, 7, 4, 5033069),
(4, 7, 1, 4730328),
(4, 7, 2, 5203361),
(4, 7, 3, 5297968),
(4, 7, 4, 5392574),
(5, 7, 1, 5045684),
(5, 7, 2, 5550252),
(5, 7, 3, 5651166),
(5, 7, 4, 5752079),
(6, 7, 1, 5361039),
(6, 7, 2, 5897143),
(6, 7, 3, 6004364),
(6, 7, 4, 6111584),
(7, 7, 1, 5676394),
(7, 7, 2, 6244034),
(7, 7, 3, 6357561),
(7, 7, 4, 6471089),
(1, 8, 1, 3232391),
(1, 8, 2, 3555630),
(1, 8, 3, 3620278),
(1, 8, 4, 3684926),
(2, 8, 1, 3878869),
(2, 8, 2, 4266756),
(2, 8, 3, 4344334),
(2, 8, 4, 4421911),
(3, 8, 1, 4525348),
(3, 8, 2, 4977882),
(3, 8, 3, 5068389),
(3, 8, 4, 5158896),
(4, 8, 1, 4848587),
(4, 8, 2, 5333445),
(4, 8, 3, 5430417),
(4, 8, 4, 5527389),
(5, 8, 1, 5171826),
(5, 8, 2, 5689008),
(5, 8, 3, 5792445),
(5, 8, 4, 5895881),
(6, 8, 1, 5495065),
(6, 8, 2, 6044571),
(6, 8, 3, 6154473),
(6, 8, 4, 6264374),
(7, 8, 1, 5818304),
(7, 8, 2, 6400134),
(7, 8, 3, 6516500),
(7, 8, 4, 6632867),
(1, 9, 1, 3313201),
(1, 9, 2, 3644521),
(1, 9, 3, 3710785),
(1, 9, 4, 3777049),
(2, 9, 1, 3975841),
(2, 9, 2, 4373425),
(2, 9, 3, 4452942),
(2, 9, 4, 4532459),
(3, 9, 1, 4638481),
(3, 9, 2, 5102329),
(3, 9, 3, 5195099),
(3, 9, 4, 5287869),
(4, 9, 1, 4969801),
(4, 9, 2, 5466781),
(4, 9, 3, 5566177),
(4, 9, 4, 5665573),
(5, 9, 1, 5301121),
(5, 9, 2, 5831234),
(5, 9, 3, 5937256),
(5, 9, 4, 6043278),
(6, 9, 1, 5632441),
(6, 9, 2, 6195686),
(6, 9, 3, 6308334),
(6, 9, 4, 6420983),
(7, 9, 1, 5963762),
(7, 9, 2, 6560138),
(7, 9, 3, 6679413),
(7, 9, 4, 6798688),
(1, 10, 1, 3396031),
(1, 10, 2, 3735634),
(1, 10, 3, 3803555),
(1, 10, 4, 3871475),
(2, 10, 1, 4075237),
(2, 10, 2, 4482761),
(2, 10, 3, 4564266),
(2, 10, 4, 4645770),
(3, 10, 1, 4754443),
(3, 10, 2, 5229888),
(3, 10, 3, 5324976),
(3, 10, 4, 5420065),
(4, 10, 1, 5094046),
(4, 10, 2, 5603451),
(4, 10, 3, 5705332),
(4, 10, 4, 5807213),
(5, 10, 1, 5433649),
(5, 10, 2, 5977014),
(5, 10, 3, 6085687),
(5, 10, 4, 6194360),
(6, 10, 1, 5773253),
(6, 10, 2, 6350578),
(6, 10, 3, 6466043),
(6, 10, 4, 6581508),
(7, 10, 1, 6112856),
(7, 10, 2, 6724141),
(7, 10, 3, 6846398),
(7, 10, 4, 6968655),
(1, 11, 1, 3480932),
(1, 11, 2, 3829025),
(1, 11, 3, 3898643),
(1, 11, 4, 3968262),
(2, 11, 1, 4177118),
(2, 11, 2, 4594830),
(2, 11, 3, 4678372),
(2, 11, 4, 4761915),
(3, 11, 1, 4873304),
(3, 11, 2, 5360635),
(3, 11, 3, 5458101),
(3, 11, 4, 5555567),
(4, 11, 1, 5221397),
(4, 11, 2, 5743537),
(4, 11, 3, 5847965),
(4, 11, 4, 5952393),
(5, 11, 1, 5569491),
(5, 11, 2, 6126440),
(5, 11, 3, 6237830),
(5, 11, 4, 6349219),
(6, 11, 1, 5917584),
(6, 11, 2, 6509342),
(6, 11, 3, 6627694),
(6, 11, 4, 6746046),
(7, 11, 1, 6265677),
(7, 11, 2, 6892245),
(7, 11, 3, 7017558),
(7, 11, 4, 7142872),
(1, 12, 1, 3567955),
(1, 12, 2, 3924750),
(1, 12, 3, 3996110),
(1, 12, 4, 4067469),
(3, 12, 1, 4281546),
(3, 12, 2, 4709701),
(3, 12, 3, 4795331),
(3, 12, 4, 4880962),
(4, 12, 1, 5351932),
(4, 12, 2, 5887126),
(4, 12, 3, 5994164),
(4, 12, 4, 6101203),
(5, 12, 1, 5708728),
(5, 12, 2, 6279601),
(5, 12, 3, 6393775),
(5, 12, 4, 6507950),
(6, 12, 1, 6065523),
(6, 12, 2, 6672076),
(6, 12, 3, 6793386),
(6, 12, 4, 6914697),
(7, 12, 1, 6422319),
(7, 12, 2, 7064551),
(7, 12, 3, 7192997),
(7, 12, 4, 7321444),
(1, 13, 1, 3657154),
(1, 13, 2, 4022869),
(1, 13, 3, 4096012),
(1, 13, 4, 4169155),
(2, 13, 1, 4388585),
(2, 13, 2, 4827443),
(2, 13, 3, 4915215),
(2, 13, 4, 5002986),
(3, 13, 1, 5120015),
(3, 13, 2, 5632017),
(3, 13, 3, 5734417),
(3, 13, 4, 5836817),
(4, 13, 1, 5485731),
(4, 13, 2, 6034304),
(4, 13, 3, 6144018),
(4, 13, 4, 6253733),
(5, 13, 1, 5851446),
(5, 13, 2, 6436591),
(5, 13, 3, 6553620),
(5, 13, 4, 6670649),
(6, 13, 1, 6217161),
(6, 13, 2, 6838878),
(6, 13, 3, 6963221),
(6, 13, 4, 7087564),
(7, 13, 1, 6582877),
(7, 13, 2, 7241165),
(7, 13, 3, 7372822),
(7, 13, 4, 7504480),
(1, 14, 1, 3748583),
(1, 14, 2, 4123441),
(1, 14, 3, 4198413),
(1, 14, 4, 4273384),
(2, 14, 1, 4498299),
(2, 14, 2, 4948129),
(2, 14, 3, 5038095),
(2, 14, 4, 5128061),
(3, 14, 1, 5248016),
(3, 14, 2, 5772817),
(3, 14, 3, 5877778),
(3, 14, 4, 5982738),
(4, 14, 1, 5622874),
(4, 14, 2, 6185161),
(4, 14, 3, 6297619),
(4, 14, 4, 6410076),
(5, 14, 1, 5997732),
(5, 14, 2, 6597505),
(5, 14, 3, 6717460),
(5, 14, 4, 6837415),
(6, 14, 1, 6372591),
(6, 14, 2, 7009850),
(6, 14, 3, 7137301),
(6, 14, 4, 7264753),
(7, 14, 1, 6747449),
(7, 14, 2, 7422194),
(7, 14, 3, 7557143),
(7, 14, 4, 7692092),
(1, 15, 1, 3842297),
(1, 15, 2, 4226527),
(1, 15, 3, 4303373),
(1, 15, 4, 4380219),
(2, 15, 1, 4610757),
(2, 15, 2, 5071832),
(2, 15, 3, 5164047),
(2, 15, 4, 5256263),
(3, 15, 1, 5379216),
(3, 15, 2, 5917138),
(3, 15, 3, 6024722),
(3, 15, 4, 6132306),
(4, 15, 1, 5763446),
(4, 15, 2, 6339790),
(4, 15, 3, 6455059),
(4, 15, 4, 6570328),
(5, 15, 1, 6147676),
(5, 15, 2, 6762443),
(5, 15, 3, 6885397),
(5, 15, 4, 7008350),
(6, 15, 1, 6531905),
(6, 15, 2, 7185096),
(6, 15, 3, 7315734),
(6, 15, 4, 7446372),
(7, 15, 1, 6916135),
(7, 15, 2, 7607749),
(7, 15, 3, 7746071),
(7, 15, 4, 7884394),
(1, 16, 1, 3938355),
(1, 16, 2, 4332190),
(1, 16, 3, 4410957),
(1, 16, 4, 4489724),
(2, 16, 1, 4726026),
(2, 16, 2, 5198628),
(2, 16, 3, 5293149),
(2, 16, 4, 5387669),
(3, 16, 1, 5513697),
(3, 16, 2, 6065066),
(3, 16, 3, 6175340),
(3, 16, 4, 6285614),
(4, 16, 1, 5907532),
(4, 16, 2, 6498285),
(4, 16, 3, 6616436),
(4, 16, 4, 6734586),
(5, 16, 1, 6301367),
(5, 16, 2, 6931504),
(5, 16, 3, 7057532),
(5, 16, 4, 7183559),
(6, 16, 1, 6695203),
(6, 16, 2, 7364723),
(6, 16, 3, 7498627),
(6, 16, 4, 7632531),
(7, 16, 1, 7089038),
(7, 16, 2, 7797942),
(7, 16, 3, 7939723),
(7, 16, 4, 8081504),
(1, 17, 1, 4036814),
(1, 17, 2, 4440495),
(1, 17, 3, 4521231),
(1, 17, 4, 4601967),
(2, 17, 1, 4844176),
(2, 17, 2, 5328594),
(2, 17, 3, 5425477),
(2, 17, 4, 5522361),
(3, 17, 1, 5651539),
(3, 17, 2, 6216693),
(3, 17, 3, 6329724),
(3, 17, 4, 6442754),
(4, 17, 1, 6055220),
(4, 17, 2, 6660742),
(4, 17, 3, 6781847),
(4, 17, 4, 6902951),
(5, 17, 1, 6458902),
(5, 17, 2, 7104792),
(5, 17, 3, 7233970),
(5, 17, 4, 7363148),
(6, 17, 1, 6862583),
(6, 17, 2, 7548841),
(6, 17, 3, 7686093),
(6, 17, 4, 7823345),
(7, 17, 1, 7266264),
(7, 17, 2, 7992891),
(7, 17, 3, 8138216),
(7, 17, 4, 8283541);

-- --------------------------------------------------------

--
-- Table structure for table `gajiptkp`
--

CREATE TABLE `gajiptkp` (
  `IdPTKP` int(11) NOT NULL,
  `PTKP` varchar(5) DEFAULT NULL,
  `Keterangan` varchar(50) DEFAULT NULL,
  `StatusAktif` char(1) DEFAULT NULL,
  `TanggalDibuat` timestamp NULL DEFAULT CURRENT_TIMESTAMP
) ENGINE=InnoDB DEFAULT CHARSET=latin1;

--
-- Dumping data for table `gajiptkp`
--

INSERT INTO `gajiptkp` (`IdPTKP`, `PTKP`, `Keterangan`, `StatusAktif`, `TanggalDibuat`) VALUES
(1, 'K0', 'Lajang', '1', NULL),
(2, 'K1', 'Nikah + 1 Istri', '1', NULL),
(3, 'K2', 'Nikah + 1 Istri + 1 Anak', '1', NULL),
(4, 'K3', 'Nikah + 1 Istri + 2 Anak', '1', NULL);

-- --------------------------------------------------------

--
-- Table structure for table `logkehadiran`
--

CREATE TABLE `logkehadiran` (
  `IdPegawai` char(12) NOT NULL,
  `NomorHandKey` varchar(10) NOT NULL,
  `TanggalLog` datetime NOT NULL,
  `TanggalAmbil` datetime DEFAULT NULL,
  `IPMesin` varchar(15) DEFAULT NULL,
  `Keterangan` varchar(100) NOT NULL
) ENGINE=InnoDB DEFAULT CHARSET=latin1;

--
-- Dumping data for table `logkehadiran`
--

INSERT INTO `logkehadiran` (`IdPegawai`, `NomorHandKey`, `TanggalLog`, `TanggalAmbil`, `IPMesin`, `Keterangan`) VALUES
('201206020200', '3641', '2020-03-04 09:21:56', '2020-06-26 14:22:59', '10.15.162.226', 'otomatis'),
('201206020200', '3641', '2020-03-05 18:11:47', '2020-06-26 14:23:00', '10.15.162.226', 'otomatis'),
('201206020200', '3641', '2020-03-06 08:58:54', '2020-06-26 14:23:01', '10.15.162.226', 'otomatis'),
('201206020200', '3641', '2020-03-06 18:54:28', '2020-06-26 14:23:01', '10.15.162.226', 'otomatis'),
('201206020200', '3641', '2020-06-25 09:22:12', '2020-06-26 14:22:37', '10.15.162.226', 'otomatis'),
('201206020200', '3641', '2020-06-26 09:18:11', '2020-06-26 14:22:38', '10.15.162.226', 'otomatis'),
('201206020200', '3641', '2020-06-26 17:29:55', '2020-06-29 13:50:40', '10.15.162.226', 'otomatis'),
('201206020200', '3641', '2020-06-29 08:53:44', '2020-06-29 13:50:41', '10.15.162.226', 'otomatis'),
('201206020200', '3641', '2020-06-29 18:12:38', '2020-07-09 15:54:10', '10.15.162.226', 'otomatis'),
('201206020200', '3641', '2020-07-07 09:35:19', '2020-07-09 15:54:16', '10.15.162.226', 'otomatis'),
('201206020200', '3641', '2020-07-07 18:27:17', '2020-07-09 15:54:16', '10.15.162.226', 'otomatis'),
('201210010209', '2427', '2020-03-27 07:13:13', '2020-06-26 14:24:50', '10.15.162.226', 'otomatis'),
('201210010209', '2427', '2020-04-15 07:06:39', '2020-06-26 14:25:00', '10.15.162.226', 'otomatis'),
('201210010209', '2427', '2020-04-20 16:03:20', '2020-06-26 14:25:04', '10.15.162.226', 'otomatis'),
('201210010209', '2427', '2020-06-02 07:16:56', '2020-06-26 14:23:58', '10.15.162.226', 'otomatis'),
('201210010209', '2427', '2020-06-09 07:22:50', '2020-06-26 14:24:03', '10.15.162.226', 'otomatis'),
('201210010209', '2427', '2020-06-10 07:08:45', '2020-06-26 14:24:04', '10.15.162.226', 'otomatis'),
('201210010209', '2427', '2020-06-16 07:05:36', '2020-06-26 14:24:08', '10.15.162.226', 'otomatis'),
('201210010209', '2427', '2020-06-23 07:23:11', '2020-06-26 14:24:12', '10.15.162.226', 'otomatis'),
('201210010209', '2427', '2020-06-24 07:20:18', '2020-06-26 14:24:13', '10.15.162.226', 'otomatis'),
('201210010209', '2427', '2020-06-26 09:10:07', '2020-06-26 14:24:15', '10.15.162.226', 'otomatis'),
('201210010209', '2427', '2020-07-02 16:13:15', '2020-07-09 15:54:14', '10.15.162.226', 'otomatis'),
('201210010213', '3620', '2020-04-10 20:16:55', '2020-06-26 14:24:58', '10.15.162.226', 'otomatis'),
('201210010213', '3620', '2020-04-10 20:16:58', '2020-06-26 14:24:58', '10.15.162.226', 'otomatis'),
('201210010213', '3620', '2020-04-14 06:53:46', '2020-06-26 14:25:00', '10.15.162.226', 'otomatis'),
('201210010213', '3620', '2020-04-14 06:53:48', '2020-06-26 14:25:00', '10.15.162.226', 'otomatis'),
('201210010213', '3620', '2020-04-16 13:47:17', '2020-06-26 14:25:01', '10.15.162.226', 'otomatis'),
('201210010213', '3620', '2020-04-16 13:47:20', '2020-06-26 14:25:01', '10.15.162.226', 'otomatis'),
('201210010213', '3620', '2020-04-16 20:41:15', '2020-06-26 14:25:02', '10.15.162.226', 'otomatis'),
('201210010213', '3620', '2020-04-16 20:41:17', '2020-06-26 14:25:02', '10.15.162.226', 'otomatis'),
('201210010213', '3620', '2020-04-17 20:35:42', '2020-06-26 14:25:02', '10.15.162.226', 'otomatis'),
('201210010213', '3620', '2020-04-17 20:35:45', '2020-06-26 14:25:02', '10.15.162.226', 'otomatis'),
('201210010213', '3620', '2020-04-19 20:14:33', '2020-06-26 14:25:03', '10.15.162.226', 'otomatis'),
('201210010213', '3620', '2020-04-19 20:14:36', '2020-06-26 14:25:03', '10.15.162.226', 'otomatis'),
('201210010213', '3620', '2020-04-20 07:27:01', '2020-06-26 14:25:03', '10.15.162.226', 'otomatis'),
('201210010213', '3620', '2020-04-20 07:27:04', '2020-06-26 14:25:03', '10.15.162.226', 'otomatis'),
('201210010213', '3620', '2020-04-21 11:41:40', '2020-06-26 14:25:04', '10.15.162.226', 'otomatis'),
('201210010213', '3620', '2020-04-21 11:41:43', '2020-06-26 14:25:04', '10.15.162.226', 'otomatis'),
('201210010213', '3620', '2020-04-24 06:53:37', '2020-06-26 14:25:06', '10.15.162.226', 'otomatis'),
('201210010213', '3620', '2020-04-24 06:53:40', '2020-06-26 14:25:06', '10.15.162.226', 'otomatis'),
('201210010213', '3620', '2020-04-25 13:41:36', '2020-06-26 14:25:08', '10.15.162.226', 'otomatis'),
('201210010213', '3620', '2020-04-25 13:41:39', '2020-06-26 14:25:08', '10.15.162.226', 'otomatis'),
('201210010213', '3620', '2020-04-25 20:37:47', '2020-06-26 14:25:08', '10.15.162.226', 'otomatis'),
('201210010213', '3620', '2020-04-25 20:37:50', '2020-06-26 14:25:08', '10.15.162.226', 'otomatis'),
('201210010213', '3620', '2020-04-26 13:48:13', '2020-06-26 14:25:08', '10.15.162.226', 'otomatis'),
('201210010213', '3620', '2020-04-26 13:48:16', '2020-06-26 14:25:08', '10.15.162.226', 'otomatis'),
('201210010213', '3620', '2020-04-26 20:37:13', '2020-06-26 14:25:08', '10.15.162.226', 'otomatis'),
('201210010213', '3620', '2020-04-26 20:37:15', '2020-06-26 14:25:08', '10.15.162.226', 'otomatis'),
('201210010213', '3620', '2020-04-28 06:33:39', '2020-06-26 14:25:09', '10.15.162.226', 'otomatis'),
('201210010213', '3620', '2020-04-28 06:33:45', '2020-06-26 14:25:09', '10.15.162.226', 'otomatis'),
('201210010213', '3620', '2020-04-29 20:16:16', '2020-06-26 14:25:11', '10.15.162.226', 'otomatis'),
('201210010213', '3620', '2020-04-29 20:16:18', '2020-06-26 14:25:11', '10.15.162.226', 'otomatis'),
('201210010213', '3620', '2020-04-30 07:07:04', '2020-06-26 14:25:11', '10.15.162.226', 'otomatis'),
('201210010213', '3620', '2020-04-30 07:07:06', '2020-06-26 14:25:11', '10.15.162.226', 'otomatis'),
('201210010213', '3620', '2020-04-30 20:11:06', '2020-06-26 14:25:12', '10.15.162.226', 'otomatis'),
('201210010213', '3620', '2020-04-30 20:11:09', '2020-06-26 14:25:12', '10.15.162.226', 'otomatis'),
('201210010213', '3620', '2020-05-01 07:16:53', '2020-06-26 14:25:12', '10.15.162.226', 'otomatis'),
('201210010213', '3620', '2020-05-01 07:16:55', '2020-06-26 14:25:12', '10.15.162.226', 'otomatis'),
('201210010213', '3620', '2020-05-03 13:47:38', '2020-06-26 14:25:14', '10.15.162.226', 'otomatis'),
('201210010213', '3620', '2020-05-03 13:47:41', '2020-06-26 14:25:14', '10.15.162.226', 'otomatis'),
('201210010213', '3620', '2020-05-03 20:39:14', '2020-06-26 14:25:14', '10.15.162.226', 'otomatis'),
('201210010213', '3620', '2020-05-03 20:39:16', '2020-06-26 14:25:14', '10.15.162.226', 'otomatis'),
('201210010213', '3620', '2020-05-04 13:39:10', '2020-06-26 14:25:15', '10.15.162.226', 'otomatis'),
('201210010213', '3620', '2020-05-04 13:39:12', '2020-06-26 14:25:15', '10.15.162.226', 'otomatis'),
('201210010213', '3620', '2020-05-04 20:45:17', '2020-06-26 14:25:15', '10.15.162.226', 'otomatis'),
('201210010213', '3620', '2020-05-04 20:45:19', '2020-06-26 14:25:15', '10.15.162.226', 'otomatis'),
('201210010213', '3620', '2020-05-06 13:55:00', '2020-06-26 14:25:17', '10.15.162.226', 'otomatis'),
('201210010213', '3620', '2020-05-06 13:55:03', '2020-06-26 14:25:17', '10.15.162.226', 'otomatis'),
('201210010213', '3620', '2020-05-06 20:44:42', '2020-06-26 14:25:17', '10.15.162.226', 'otomatis'),
('201210010213', '3620', '2020-05-06 20:44:45', '2020-06-26 14:25:17', '10.15.162.226', 'otomatis'),
('201210010213', '3620', '2020-05-07 13:54:46', '2020-06-26 14:25:18', '10.15.162.226', 'otomatis'),
('201210010213', '3620', '2020-05-07 13:54:49', '2020-06-26 14:25:18', '10.15.162.226', 'otomatis'),
('201210010213', '3620', '2020-05-07 20:51:36', '2020-06-26 14:25:18', '10.15.162.226', 'otomatis'),
('201210010213', '3620', '2020-05-07 20:51:38', '2020-06-26 14:25:18', '10.15.162.226', 'otomatis'),
('201210010213', '3620', '2020-05-11 07:47:57', '2020-06-26 14:25:20', '10.15.162.226', 'otomatis'),
('201210010213', '3620', '2020-05-11 07:48:00', '2020-06-26 14:25:20', '10.15.162.226', 'otomatis'),
('201210010213', '3620', '2020-05-15 13:53:10', '2020-06-26 14:25:24', '10.15.162.226', 'otomatis'),
('201210010213', '3620', '2020-05-15 13:53:14', '2020-06-26 14:25:24', '10.15.162.226', 'otomatis'),
('201210010213', '3620', '2020-05-15 20:50:16', '2020-06-26 14:25:24', '10.15.162.226', 'otomatis'),
('201210010213', '3620', '2020-05-15 20:50:19', '2020-06-26 14:25:24', '10.15.162.226', 'otomatis'),
('201210010213', '3620', '2020-05-16 20:45:01', '2020-06-26 14:25:25', '10.15.162.226', 'otomatis'),
('201210010213', '3620', '2020-05-16 20:45:04', '2020-06-26 14:25:25', '10.15.162.226', 'otomatis'),
('201210010213', '3620', '2020-05-18 14:02:54', '2020-06-26 14:25:26', '10.15.162.226', 'otomatis'),
('201210010213', '3620', '2020-05-18 14:02:57', '2020-06-26 14:25:26', '10.15.162.226', 'otomatis'),
('201210010213', '3620', '2020-05-18 20:42:59', '2020-06-26 14:25:27', '10.15.162.226', 'otomatis'),
('201210010213', '3620', '2020-05-18 20:43:01', '2020-06-26 14:25:27', '10.15.162.226', 'otomatis'),
('201210010213', '3620', '2020-05-19 06:52:01', '2020-06-26 14:25:27', '10.15.162.226', 'otomatis'),
('201210010213', '3620', '2020-05-19 06:52:04', '2020-06-26 14:25:27', '10.15.162.226', 'otomatis'),
('201210010213', '3620', '2020-05-19 14:50:06', '2020-06-26 14:25:27', '10.15.162.226', 'otomatis'),
('201210010213', '3620', '2020-05-19 14:50:09', '2020-06-26 14:25:27', '10.15.162.226', 'otomatis'),
('201210010213', '3620', '2020-05-23 20:21:18', '2020-06-26 14:25:30', '10.15.162.226', 'otomatis'),
('201210010213', '3620', '2020-05-23 20:21:22', '2020-06-26 14:25:30', '10.15.162.226', 'otomatis'),
('201210010213', '3620', '2020-05-24 07:33:44', '2020-06-26 14:25:31', '10.15.162.226', 'otomatis'),
('201210010213', '3620', '2020-05-24 07:33:47', '2020-06-26 14:25:31', '10.15.162.226', 'otomatis'),
('201210010213', '3620', '2020-05-24 20:24:41', '2020-06-26 14:25:31', '10.15.162.226', 'otomatis'),
('201210010213', '3620', '2020-05-24 20:24:43', '2020-06-26 14:25:31', '10.15.162.226', 'otomatis'),
('201210010213', '3620', '2020-05-25 07:18:44', '2020-06-26 14:25:31', '10.15.162.226', 'otomatis'),
('201210010213', '3620', '2020-05-25 07:18:46', '2020-06-26 14:25:31', '10.15.162.226', 'otomatis'),
('201210010213', '3620', '2020-05-27 13:53:42', '2020-06-26 14:25:33', '10.15.162.226', 'otomatis'),
('201210010213', '3620', '2020-05-27 13:53:45', '2020-06-26 14:25:33', '10.15.162.226', 'otomatis'),
('201210010213', '3620', '2020-05-27 20:46:15', '2020-06-26 14:25:33', '10.15.162.226', 'otomatis'),
('201210010213', '3620', '2020-05-27 20:46:17', '2020-06-26 14:25:33', '10.15.162.226', 'otomatis'),
('201210010213', '3620', '2020-05-28 06:53:42', '2020-06-26 14:25:33', '10.15.162.226', 'otomatis'),
('201210010213', '3620', '2020-05-28 06:53:45', '2020-06-26 14:25:33', '10.15.162.226', 'otomatis'),
('201210010213', '3620', '2020-06-01 05:00:00', '2020-06-01 06:00:00', '10.15', 'o'),
('201210010213', '3620', '2020-06-01 06:00:00', '2020-06-01 06:00:00', '10.15', 'o'),
('201210010213', '3620', '2020-06-01 06:15:00', '2020-06-01 06:00:00', '10.15', 'o'),
('201210010213', '3620', '2020-06-01 20:03:32', '2020-06-26 14:25:36', '10.15.162.226', 'otomatis'),
('201210010213', '3620', '2020-06-01 20:03:35', '2020-06-26 14:25:36', '10.15.162.226', 'otomatis'),
('201210010213', '3620', '2020-06-02 07:07:47', '2020-06-26 14:25:37', '10.15.162.226', 'otomatis'),
('201210010213', '3620', '2020-06-02 07:07:49', '2020-06-26 14:25:37', '10.15.162.226', 'otomatis'),
('201210010213', '3620', '2020-06-02 20:25:55', '2020-06-26 14:25:37', '10.15.162.226', 'otomatis'),
('201210010213', '3620', '2020-06-02 20:25:58', '2020-06-26 14:25:37', '10.15.162.226', 'otomatis'),
('201210010213', '3620', '2020-06-03 07:26:28', '2020-06-26 14:25:37', '10.15.162.226', 'otomatis'),
('201210010213', '3620', '2020-06-03 07:26:30', '2020-06-26 14:25:37', '10.15.162.226', 'otomatis'),
('201210010213', '3620', '2020-06-03 19:30:00', '2020-06-29 00:00:00', '666', 'hh'),
('201210010213', '3620', '2020-06-04 06:30:00', '2020-06-29 00:00:00', '666', 'hh'),
('201210010213', '3620', '2020-06-05 06:50:34', '2020-06-26 14:24:00', '10.15.162.226', 'otomatis'),
('201210010213', '3620', '2020-06-05 06:50:36', '2020-06-26 14:24:00', '10.15.162.226', 'otomatis'),
('201210010213', '3620', '2020-06-05 15:06:58', '2020-06-26 14:24:01', '10.15.162.226', 'otomatis'),
('201210010213', '3620', '2020-06-05 15:07:01', '2020-06-26 14:24:01', '10.15.162.226', 'otomatis'),
('201210010213', '3620', '2020-06-06 13:46:24', '2020-06-26 14:24:02', '10.15.162.226', 'otomatis'),
('201210010213', '3620', '2020-06-06 13:46:27', '2020-06-26 14:24:02', '10.15.162.226', 'otomatis'),
('201210010213', '3620', '2020-06-09 06:21:46', '2020-06-26 14:24:03', '10.15.162.226', 'otomatis'),
('201210010213', '3620', '2020-06-09 06:21:48', '2020-06-26 14:24:03', '10.15.162.226', 'otomatis'),
('201210010213', '3620', '2020-06-09 16:13:56', '2020-06-26 14:24:04', '10.15.162.226', 'otomatis'),
('201210010213', '3620', '2020-06-09 16:13:58', '2020-06-26 14:24:04', '10.15.162.226', 'otomatis'),
('201210010213', '3620', '2020-06-11 20:14:22', '2020-06-26 14:24:05', '10.15.162.226', 'otomatis'),
('201210010213', '3620', '2020-06-11 20:14:25', '2020-06-26 14:24:05', '10.15.162.226', 'otomatis'),
('201210010213', '3620', '2020-06-12 20:24:25', '2020-06-26 14:24:06', '10.15.162.226', 'otomatis'),
('201210010213', '3620', '2020-06-12 20:24:28', '2020-06-26 14:24:06', '10.15.162.226', 'otomatis'),
('201210010213', '3620', '2020-06-15 06:21:39', '2020-06-26 14:24:07', '10.15.162.226', 'otomatis'),
('201210010213', '3620', '2020-06-15 06:21:42', '2020-06-26 14:24:07', '10.15.162.226', 'otomatis'),
('201210010213', '3620', '2020-06-15 15:33:18', '2020-06-26 14:24:08', '10.15.162.226', 'otomatis'),
('201210010213', '3620', '2020-06-15 15:33:20', '2020-06-26 14:24:08', '10.15.162.226', 'otomatis'),
('201210010213', '3620', '2020-06-16 13:39:41', '2020-06-26 14:24:08', '10.15.162.226', 'otomatis'),
('201210010213', '3620', '2020-06-16 13:39:44', '2020-06-26 14:24:08', '10.15.162.226', 'otomatis'),
('201210010213', '3620', '2020-06-16 20:51:16', '2020-06-26 14:24:09', '10.15.162.226', 'otomatis'),
('201210010213', '3620', '2020-06-16 20:51:18', '2020-06-26 14:24:09', '10.15.162.226', 'otomatis'),
('201210010213', '3620', '2020-06-17 13:48:59', '2020-06-26 14:24:09', '10.15.162.226', 'otomatis'),
('201210010213', '3620', '2020-06-17 13:49:02', '2020-06-26 14:24:09', '10.15.162.226', 'otomatis'),
('201210010213', '3620', '2020-06-17 20:39:50', '2020-06-26 14:24:09', '10.15.162.226', 'otomatis'),
('201210010213', '3620', '2020-06-17 20:39:53', '2020-06-26 14:24:09', '10.15.162.226', 'otomatis'),
('201210010213', '3620', '2020-06-18 13:44:25', '2020-06-26 14:24:10', '10.15.162.226', 'otomatis'),
('201210010213', '3620', '2020-06-18 13:44:28', '2020-06-26 14:24:10', '10.15.162.226', 'otomatis'),
('201210010213', '3620', '2020-06-20 20:24:00', '2020-06-26 14:24:11', '10.15.162.226', 'otomatis'),
('201210010213', '3620', '2020-06-20 20:24:04', '2020-06-26 14:24:11', '10.15.162.226', 'otomatis'),
('201210010213', '3620', '2020-06-21 20:22:58', '2020-06-26 14:24:12', '10.15.162.226', 'otomatis'),
('201210010213', '3620', '2020-06-21 20:23:00', '2020-06-26 14:24:12', '10.15.162.226', 'otomatis'),
('201210010213', '3620', '2020-06-26 06:28:04', '2020-06-26 14:24:15', '10.15.162.226', 'otomatis'),
('201210010213', '3620', '2020-06-26 06:28:07', '2020-06-26 14:24:15', '10.15.162.226', 'otomatis'),
('201210010213', '3620', '2020-06-27 13:55:08', '2020-06-29 13:50:41', '10.15.162.226', 'otomatis'),
('201210010213', '3620', '2020-06-27 13:55:11', '2020-06-29 13:50:41', '10.15.162.226', 'otomatis'),
('201210010213', '3620', '2020-06-30 20:20:34', '2020-07-09 15:54:11', '10.15.162.226', 'otomatis'),
('201210010213', '3620', '2020-06-30 20:20:37', '2020-07-09 15:54:11', '10.15.162.226', 'otomatis'),
('201210010213', '3620', '2020-07-01 20:25:40', '2020-07-09 15:54:13', '10.15.162.226', 'otomatis'),
('201210010213', '3620', '2020-07-01 20:25:43', '2020-07-09 15:54:13', '10.15.162.226', 'otomatis'),
('201210010213', '3620', '2020-07-02 07:09:10', '2020-07-09 15:54:13', '10.15.162.226', 'otomatis'),
('201210010213', '3620', '2020-07-02 07:09:13', '2020-07-09 15:54:13', '10.15.162.226', 'otomatis'),
('201210010213', '3620', '2020-07-04 06:25:51', '2020-07-09 15:54:15', '10.15.162.226', 'otomatis'),
('201210010213', '3620', '2020-07-04 06:25:54', '2020-07-09 15:54:15', '10.15.162.226', 'otomatis'),
('201807010735', '2457', '2020-04-04 07:56:06', '2020-06-26 14:24:54', '10.15.162.226', 'otomatis'),
('201807010735', '2457', '2020-04-06 06:51:28', '2020-06-26 14:24:55', '10.15.162.226', 'otomatis'),
('201807010735', '2457', '2020-04-07 06:43:44', '2020-06-26 14:24:56', '10.15.162.226', 'otomatis'),
('201807010735', '2457', '2020-04-18 07:50:01', '2020-06-26 14:25:02', '10.15.162.226', 'otomatis'),
('201807010735', '2457', '2020-04-20 09:15:09', '2020-06-26 14:25:03', '10.15.162.226', 'otomatis'),
('201807010735', '2457', '2020-04-22 07:04:06', '2020-06-26 14:25:05', '10.15.162.226', 'otomatis'),
('201807010735', '2457', '2020-04-25 16:03:29', '2020-06-26 14:25:08', '10.15.162.226', 'otomatis'),
('201807010735', '2457', '2020-05-09 07:22:31', '2020-06-26 14:25:19', '10.15.162.226', 'otomatis'),
('201807010735', '2457', '2020-05-11 14:52:58', '2020-06-26 14:25:21', '10.15.162.226', 'otomatis'),
('201807010735', '2457', '2020-05-13 07:00:30', '2020-06-26 14:25:22', '10.15.162.226', 'otomatis'),
('201807010735', '2457', '2020-05-14 16:00:50', '2020-06-26 14:25:23', '10.15.162.226', 'otomatis'),
('201807010735', '2457', '2020-05-15 07:01:36', '2020-06-26 14:25:24', '10.15.162.226', 'otomatis'),
('201807010735', '2457', '2020-05-18 07:04:09', '2020-06-26 14:25:26', '10.15.162.226', 'otomatis'),
('201807010735', '2457', '2020-05-19 07:16:24', '2020-06-26 14:25:27', '10.15.162.226', 'otomatis'),
('201807010735', '2457', '2020-05-20 07:06:51', '2020-06-26 14:25:28', '10.15.162.226', 'otomatis'),
('201807010735', '2457', '2020-05-20 14:20:18', '2020-06-26 14:25:28', '10.15.162.226', 'otomatis'),
('201807010735', '2457', '2020-05-22 07:03:38', '2020-06-26 14:25:29', '10.15.162.226', 'otomatis'),
('201807010735', '2457', '2020-05-22 14:07:50', '2020-06-26 14:25:30', '10.15.162.226', 'otomatis'),
('201807010735', '2457', '2020-05-26 06:39:09', '2020-06-26 14:25:32', '10.15.162.226', 'otomatis'),
('201807010735', '2457', '2020-05-27 06:25:36', '2020-06-26 14:25:32', '10.15.162.226', 'otomatis'),
('201807010735', '2457', '2020-05-28 15:19:04', '2020-06-26 14:25:34', '10.15.162.226', 'otomatis'),
('201807010735', '2457', '2020-05-29 13:22:30', '2020-06-26 14:25:35', '10.15.162.226', 'otomatis'),
('201807010735', '2457', '2020-05-29 20:57:12', '2020-06-26 14:25:35', '10.15.162.226', 'otomatis'),
('201807010735', '2457', '2020-06-02 06:43:46', '2020-06-26 14:25:37', '10.15.162.226', 'otomatis'),
('201807010735', '2457', '2020-06-02 15:20:52', '2020-06-26 14:25:37', '10.15.162.226', 'otomatis'),
('201807010735', '2457', '2020-06-03 06:43:18', '2020-06-26 14:25:37', '10.15.162.226', 'otomatis'),
('201807010735', '2457', '2020-06-03 15:14:43', '2020-06-26 14:25:38', '10.15.162.226', 'otomatis'),
('201807010735', '2457', '2020-06-04 06:58:10', '2020-06-26 14:25:38', '10.15.162.226', 'otomatis'),
('201807010735', '2457', '2020-06-04 14:58:27', '2020-06-26 14:25:39', '10.15.162.226', 'otomatis'),
('201807010735', '2457', '2020-06-05 06:50:10', '2020-06-26 14:25:39', '10.15.162.226', 'otomatis'),
('201807010735', '2457', '2020-06-05 15:03:29', '2020-06-26 14:25:39', '10.15.162.226', 'otomatis'),
('201807010735', '2457', '2020-06-06 06:51:36', '2020-06-26 14:25:40', '10.15.162.226', 'otomatis'),
('201807010735', '2457', '2020-06-06 14:49:00', '2020-06-26 14:25:40', '10.15.162.226', 'otomatis'),
('201807010735', '2457', '2020-06-08 06:37:03', '2020-06-26 14:25:41', '10.15.162.226', 'otomatis'),
('201807010735', '2457', '2020-06-08 14:46:06', '2020-06-26 14:25:41', '10.15.162.226', 'otomatis'),
('201807010735', '2457', '2020-06-09 06:31:38', '2020-06-26 14:25:41', '10.15.162.226', 'otomatis'),
('201807010735', '2457', '2020-06-09 14:53:50', '2020-06-26 14:24:04', '10.15.162.226', 'otomatis'),
('201807010735', '2457', '2020-06-10 06:42:53', '2020-06-26 14:24:04', '10.15.162.226', 'otomatis'),
('201807010735', '2457', '2020-06-10 14:46:43', '2020-06-26 14:24:04', '10.15.162.226', 'otomatis'),
('201807010735', '2457', '2020-06-11 06:37:06', '2020-06-26 14:24:05', '10.15.162.226', 'otomatis'),
('201807010735', '2457', '2020-06-11 14:51:51', '2020-06-26 14:24:05', '10.15.162.226', 'otomatis'),
('201807010735', '2457', '2020-06-12 06:42:40', '2020-06-26 14:24:06', '10.15.162.226', 'otomatis'),
('201807010735', '2457', '2020-06-12 15:01:51', '2020-06-26 14:24:06', '10.15.162.226', 'otomatis'),
('201807010735', '2457', '2020-06-13 07:15:08', '2020-06-26 14:24:06', '10.15.162.226', 'otomatis'),
('201807010735', '2457', '2020-06-13 14:38:03', '2020-06-26 14:24:07', '10.15.162.226', 'otomatis'),
('201807010735', '2457', '2020-06-15 06:35:36', '2020-06-26 14:24:07', '10.15.162.226', 'otomatis'),
('201807010735', '2457', '2020-06-15 15:00:29', '2020-06-26 14:24:08', '10.15.162.226', 'otomatis'),
('201807010735', '2457', '2020-06-16 06:34:30', '2020-06-26 14:24:08', '10.15.162.226', 'otomatis'),
('201807010735', '2457', '2020-06-16 15:46:28', '2020-06-26 14:24:08', '10.15.162.226', 'otomatis'),
('201807010735', '2457', '2020-06-17 06:29:54', '2020-06-26 14:24:09', '10.15.162.226', 'otomatis'),
('201807010735', '2457', '2020-06-17 15:27:28', '2020-06-26 14:24:09', '10.15.162.226', 'otomatis'),
('201807010735', '2457', '2020-06-18 06:36:57', '2020-06-26 14:24:09', '10.15.162.226', 'otomatis'),
('201807010735', '2457', '2020-06-18 14:57:12', '2020-06-26 14:24:10', '10.15.162.226', 'otomatis'),
('201807010735', '2457', '2020-06-19 06:24:15', '2020-06-26 14:24:10', '10.15.162.226', 'otomatis'),
('201807010735', '2457', '2020-06-19 15:39:48', '2020-06-26 14:24:11', '10.15.162.226', 'otomatis'),
('201807010735', '2457', '2020-06-20 06:55:55', '2020-06-26 14:24:11', '10.15.162.226', 'otomatis'),
('201807010735', '2457', '2020-06-20 15:57:29', '2020-06-26 14:24:11', '10.15.162.226', 'otomatis'),
('201807010735', '2457', '2020-06-23 06:47:14', '2020-06-26 14:24:12', '10.15.162.226', 'otomatis'),
('201807010735', '2457', '2020-06-23 15:05:51', '2020-06-26 14:24:13', '10.15.162.226', 'otomatis'),
('201807010735', '2457', '2020-06-24 06:37:41', '2020-06-26 14:24:13', '10.15.162.226', 'otomatis'),
('201807010735', '2457', '2020-06-24 15:47:42', '2020-06-26 14:24:14', '10.15.162.226', 'otomatis'),
('201807010735', '2457', '2020-06-26 06:28:49', '2020-06-26 14:24:15', '10.15.162.226', 'otomatis'),
('201807010735', '2457', '2020-06-26 15:00:31', '2020-06-26 15:01:58', '10.15.162.226', 'otomatis'),
('201807010735', '2457', '2020-06-29 06:33:51', '2020-06-29 13:50:41', '10.15.162.226', 'otomatis'),
('201807010735', '2457', '2020-06-29 15:24:09', '2020-07-09 15:54:10', '10.15.162.226', 'otomatis'),
('201807010735', '2457', '2020-06-30 06:45:34', '2020-07-09 15:54:11', '10.15.162.226', 'otomatis'),
('201807010735', '2457', '2020-06-30 15:11:00', '2020-07-09 15:54:11', '10.15.162.226', 'otomatis'),
('201807010735', '2457', '2020-07-01 06:38:39', '2020-07-09 15:54:12', '10.15.162.226', 'otomatis'),
('201807010735', '2457', '2020-07-01 15:32:07', '2020-07-09 15:54:13', '10.15.162.226', 'otomatis'),
('201807010735', '2457', '2020-07-02 06:49:49', '2020-07-09 15:54:13', '10.15.162.226', 'otomatis'),
('201807010735', '2457', '2020-07-02 14:47:27', '2020-07-09 15:54:14', '10.15.162.226', 'otomatis'),
('201807010735', '2457', '2020-07-03 06:49:10', '2020-07-09 15:54:14', '10.15.162.226', 'otomatis'),
('201807010735', '2457', '2020-07-03 15:38:14', '2020-07-09 15:54:14', '10.15.162.226', 'otomatis'),
('201807010735', '2457', '2020-07-04 06:48:54', '2020-07-09 15:54:15', '10.15.162.226', 'otomatis'),
('201807010735', '2457', '2020-07-04 14:49:13', '2020-07-09 15:54:15', '10.15.162.226', 'otomatis'),
('201807010735', '2457', '2020-07-06 06:48:43', '2020-07-09 15:54:15', '10.15.162.226', 'otomatis'),
('201807010735', '2457', '2020-07-06 16:05:35', '2020-07-09 15:54:16', '10.15.162.226', 'otomatis'),
('201807010735', '2457', '2020-07-09 14:38:58', '2020-07-09 15:54:19', '10.15.162.226', 'otomatis'),
('201911020822', '2914', '2020-03-03 07:25:35', '2020-06-26 10:01:34', '10.15.162.226', 'otomatis'),
('201911020822', '2914', '2020-03-03 16:30:18', '2020-06-26 10:01:48', '10.15.162.226', 'otomatis'),
('201911020822', '2914', '2020-03-03 16:30:20', '2020-06-26 10:01:49', '10.15.162.226', 'otomatis'),
('201911020822', '2914', '2020-03-04 07:33:44', '2020-06-26 10:01:49', '10.15.162.226', 'otomatis'),
('201911020822', '2914', '2020-03-04 07:33:47', '2020-06-26 10:01:49', '10.15.162.226', 'otomatis'),
('201911020822', '2914', '2020-03-04 16:11:23', '2020-06-26 10:01:49', '10.15.162.226', 'otomatis'),
('201911020822', '2914', '2020-03-04 16:11:26', '2020-06-26 10:01:49', '10.15.162.226', 'otomatis'),
('201911020822', '2914', '2020-03-05 07:43:30', '2020-06-26 10:01:50', '10.15.162.226', 'otomatis'),
('201911020822', '2914', '2020-03-05 16:18:17', '2020-06-26 10:01:50', '10.15.162.226', 'otomatis'),
('201911020822', '2914', '2020-03-06 07:32:17', '2020-06-26 10:01:50', '10.15.162.226', 'otomatis'),
('201911020822', '2914', '2020-03-06 07:32:19', '2020-06-26 10:01:50', '10.15.162.226', 'otomatis'),
('201911020822', '2914', '2020-03-06 16:31:44', '2020-06-26 10:01:50', '10.15.162.226', 'otomatis'),
('201911020822', '2914', '2020-03-09 07:33:52', '2020-06-26 10:01:51', '10.15.162.226', 'otomatis'),
('201911020822', '2914', '2020-03-09 16:29:54', '2020-06-26 10:01:51', '10.15.162.226', 'otomatis'),
('201911020822', '2914', '2020-03-09 16:29:56', '2020-06-26 10:01:51', '10.15.162.226', 'otomatis'),
('201911020822', '2914', '2020-03-10 07:25:47', '2020-06-26 10:01:51', '10.15.162.226', 'otomatis'),
('201911020822', '2914', '2020-03-10 16:18:32', '2020-06-26 10:01:52', '10.15.162.226', 'otomatis'),
('201911020822', '2914', '2020-03-11 07:32:52', '2020-06-26 10:01:52', '10.15.162.226', 'otomatis'),
('201911020822', '2914', '2020-03-11 16:08:04', '2020-06-26 10:01:52', '10.15.162.226', 'otomatis'),
('201911020822', '2914', '2020-03-12 07:43:02', '2020-06-26 10:01:52', '10.15.162.226', 'otomatis'),
('201911020822', '2914', '2020-03-12 16:16:05', '2020-06-26 10:01:53', '10.15.162.226', 'otomatis'),
('201911020822', '2914', '2020-03-12 16:16:07', '2020-06-26 10:01:53', '10.15.162.226', 'otomatis'),
('201911020822', '2914', '2020-03-13 07:29:23', '2020-06-26 10:01:53', '10.15.162.226', 'otomatis'),
('201911020822', '2914', '2020-03-13 07:29:26', '2020-06-26 10:01:53', '10.15.162.226', 'otomatis'),
('201911020822', '2914', '2020-03-13 16:11:16', '2020-06-26 10:01:53', '10.15.162.226', 'otomatis'),
('201911020822', '2914', '2020-03-16 07:19:59', '2020-06-26 10:01:54', '10.15.162.226', 'otomatis'),
('201911020822', '2914', '2020-03-16 07:20:02', '2020-06-26 10:01:54', '10.15.162.226', 'otomatis'),
('201911020822', '2914', '2020-03-16 16:07:56', '2020-06-26 10:01:54', '10.15.162.226', 'otomatis'),
('201911020822', '2914', '2020-03-17 07:19:19', '2020-06-26 10:01:54', '10.15.162.226', 'otomatis'),
('201911020822', '2914', '2020-03-17 07:19:22', '2020-06-26 10:01:54', '10.15.162.226', 'otomatis'),
('201911020822', '2914', '2020-03-17 16:12:40', '2020-06-26 10:01:55', '10.15.162.226', 'otomatis'),
('201911020822', '2914', '2020-03-18 07:04:28', '2020-06-26 10:01:55', '10.15.162.226', 'otomatis'),
('201911020822', '2914', '2020-03-18 07:04:30', '2020-06-26 10:01:55', '10.15.162.226', 'otomatis'),
('201911020822', '2914', '2020-03-18 16:09:45', '2020-06-26 10:01:55', '10.15.162.226', 'otomatis'),
('201911020822', '2914', '2020-03-18 16:09:47', '2020-06-26 10:01:55', '10.15.162.226', 'otomatis'),
('201911020822', '2914', '2020-03-19 07:00:17', '2020-06-26 10:01:55', '10.15.162.226', 'otomatis'),
('201911020822', '2914', '2020-03-19 16:08:48', '2020-06-26 10:01:56', '10.15.162.226', 'otomatis'),
('201911020822', '2914', '2020-03-20 07:10:14', '2020-06-26 10:01:56', '10.15.162.226', 'otomatis'),
('201911020822', '2914', '2020-03-20 16:19:25', '2020-06-26 10:01:56', '10.15.162.226', 'otomatis'),
('201911020822', '2914', '2020-03-23 06:57:50', '2020-06-26 10:01:57', '10.15.162.226', 'otomatis'),
('201911020822', '2914', '2020-03-23 16:01:58', '2020-06-26 10:01:57', '10.15.162.226', 'otomatis'),
('201911020822', '2914', '2020-03-24 07:00:19', '2020-06-26 10:01:57', '10.15.162.226', 'otomatis'),
('201911020822', '2914', '2020-03-24 16:11:16', '2020-06-26 10:01:57', '10.15.162.226', 'otomatis'),
('201911020822', '2914', '2020-03-30 07:03:39', '2020-06-26 10:01:59', '10.15.162.226', 'otomatis'),
('201911020822', '2914', '2020-03-30 16:09:24', '2020-06-26 10:01:59', '10.15.162.226', 'otomatis'),
('201911020822', '2914', '2020-03-31 06:56:15', '2020-06-26 10:02:00', '10.15.162.226', 'otomatis'),
('201911020822', '2914', '2020-03-31 16:16:02', '2020-06-26 10:02:00', '10.15.162.226', 'otomatis'),
('201911020822', '2914', '2020-03-31 16:16:04', '2020-06-26 10:02:00', '10.15.162.226', 'otomatis'),
('201911020822', '2914', '2020-04-01 07:00:44', '2020-06-26 10:02:00', '10.15.162.226', 'otomatis'),
('201911020822', '2914', '2020-04-01 16:15:44', '2020-06-26 10:02:00', '10.15.162.226', 'otomatis'),
('201911020822', '2914', '2020-04-02 16:14:16', '2020-06-26 10:02:01', '10.15.162.226', 'otomatis'),
('201911020822', '2914', '2020-04-03 07:10:45', '2020-06-26 10:02:01', '10.15.162.226', 'otomatis'),
('201911020822', '2914', '2020-04-03 16:21:57', '2020-06-26 10:02:01', '10.15.162.226', 'otomatis'),
('201911020822', '2914', '2020-04-06 07:09:48', '2020-06-26 10:02:02', '10.15.162.226', 'otomatis'),
('201911020822', '2914', '2020-04-06 16:07:17', '2020-06-26 10:02:02', '10.15.162.226', 'otomatis'),
('201911020822', '2914', '2020-04-08 06:59:59', '2020-06-26 10:02:03', '10.15.162.226', 'otomatis'),
('201911020822', '2914', '2020-04-08 16:10:11', '2020-06-26 10:02:03', '10.15.162.226', 'otomatis'),
('201911020822', '2914', '2020-04-09 07:07:54', '2020-06-26 10:02:03', '10.15.162.226', 'otomatis'),
('201911020822', '2914', '2020-04-09 16:08:28', '2020-06-26 10:02:03', '10.15.162.226', 'otomatis'),
('201911020822', '2914', '2020-04-13 07:11:44', '2020-06-26 10:02:04', '10.15.162.226', 'otomatis'),
('201911020822', '2914', '2020-04-13 16:04:57', '2020-06-26 10:02:04', '10.15.162.226', 'otomatis'),
('201911020822', '2914', '2020-04-14 07:10:52', '2020-06-26 10:02:05', '10.15.162.226', 'otomatis'),
('201911020822', '2914', '2020-04-14 16:16:08', '2020-06-26 10:02:05', '10.15.162.226', 'otomatis'),
('201911020822', '2914', '2020-04-15 07:16:52', '2020-06-26 10:02:05', '10.15.162.226', 'otomatis'),
('201911020822', '2914', '2020-04-15 16:07:48', '2020-06-26 10:02:05', '10.15.162.226', 'otomatis'),
('201911020822', '2914', '2020-04-17 07:11:20', '2020-06-26 10:02:06', '10.15.162.226', 'otomatis'),
('201911020822', '2914', '2020-04-17 16:12:12', '2020-06-26 10:02:06', '10.15.162.226', 'otomatis'),
('201911020822', '2914', '2020-04-20 07:20:33', '2020-06-26 10:02:07', '10.15.162.226', 'otomatis'),
('201911020822', '2914', '2020-04-20 16:10:58', '2020-06-26 10:02:07', '10.15.162.226', 'otomatis'),
('201911020822', '2914', '2020-04-21 07:15:52', '2020-06-26 10:02:07', '10.15.162.226', 'otomatis'),
('201911020822', '2914', '2020-04-21 16:23:09', '2020-06-26 10:02:08', '10.15.162.226', 'otomatis'),
('201911020822', '2914', '2020-04-22 07:12:43', '2020-06-26 10:02:08', '10.15.162.226', 'otomatis'),
('201911020822', '2914', '2020-04-22 16:12:14', '2020-06-26 10:02:08', '10.15.162.226', 'otomatis'),
('201911020822', '2914', '2020-04-23 07:19:54', '2020-06-26 10:02:08', '10.15.162.226', 'otomatis'),
('201911020822', '2914', '2020-04-23 16:11:41', '2020-06-26 10:02:08', '10.15.162.226', 'otomatis'),
('201911020822', '2914', '2020-04-23 16:11:44', '2020-06-26 10:02:08', '10.15.162.226', 'otomatis'),
('201911020822', '2914', '2020-04-27 06:41:16', '2020-06-26 10:02:10', '10.15.162.226', 'otomatis'),
('201911020822', '2914', '2020-04-27 14:10:39', '2020-06-26 10:02:10', '10.15.162.226', 'otomatis'),
('201911020822', '2914', '2020-04-28 06:47:46', '2020-06-26 10:02:10', '10.15.162.226', 'otomatis'),
('201911020822', '2914', '2020-04-28 14:24:26', '2020-06-26 10:02:10', '10.15.162.226', 'otomatis'),
('201911020822', '2914', '2020-04-29 06:48:31', '2020-06-26 10:02:10', '10.15.162.226', 'otomatis'),
('201911020822', '2914', '2020-04-29 14:16:14', '2020-06-26 10:02:11', '10.15.162.226', 'otomatis'),
('201911020822', '2914', '2020-05-01 07:50:00', '2020-05-01 00:00:00', '10', 'nj'),
('201911020822', '2914', '2020-05-01 17:00:00', '2020-05-01 00:00:00', '10', 'nj'),
('201911020822', '2914', '2020-05-02 20:20:00', '2020-05-01 00:00:00', '10', 'nj'),
('201911020822', '2914', '2020-05-04 06:47:03', '2020-06-26 10:02:12', '10.15.162.226', 'otomatis'),
('201911020822', '2914', '2020-05-04 14:16:27', '2020-06-26 10:02:12', '10.15.162.226', 'otomatis'),
('201911020822', '2914', '2020-05-06 06:50:37', '2020-06-26 10:02:13', '10.15.162.226', 'otomatis'),
('201911020822', '2914', '2020-05-06 14:17:30', '2020-06-26 10:02:13', '10.15.162.226', 'otomatis'),
('201911020822', '2914', '2020-05-08 06:51:39', '2020-06-26 10:02:14', '10.15.162.226', 'otomatis'),
('201911020822', '2914', '2020-05-08 14:33:24', '2020-06-26 10:02:14', '10.15.162.226', 'otomatis'),
('201911020822', '2914', '2020-05-11 07:02:56', '2020-06-26 10:02:15', '10.15.162.226', 'otomatis'),
('201911020822', '2914', '2020-05-11 14:15:03', '2020-06-26 10:02:15', '10.15.162.226', 'otomatis'),
('201911020822', '2914', '2020-05-12 06:50:38', '2020-06-26 10:02:15', '10.15.162.226', 'otomatis'),
('201911020822', '2914', '2020-05-12 14:33:49', '2020-06-26 10:02:15', '10.15.162.226', 'otomatis'),
('201911020822', '2914', '2020-05-14 06:51:28', '2020-06-26 10:02:16', '10.15.162.226', 'otomatis'),
('201911020822', '2914', '2020-05-14 14:35:55', '2020-06-26 10:02:16', '10.15.162.226', 'otomatis'),
('201911020822', '2914', '2020-05-15 07:00:24', '2020-06-26 10:02:16', '10.15.162.226', 'otomatis'),
('201911020822', '2914', '2020-05-15 14:55:12', '2020-06-26 10:02:17', '10.15.162.226', 'otomatis'),
('201911020822', '2914', '2020-05-18 07:03:52', '2020-06-26 10:02:17', '10.15.162.226', 'otomatis'),
('201911020822', '2914', '2020-05-18 14:09:58', '2020-06-26 10:02:17', '10.15.162.226', 'otomatis'),
('201911020822', '2914', '2020-05-18 14:10:01', '2020-06-26 10:02:18', '10.15.162.226', 'otomatis'),
('201911020822', '2914', '2020-05-19 14:15:01', '2020-06-26 10:02:18', '10.15.162.226', 'otomatis'),
('201911020822', '2914', '2020-05-22 06:56:14', '2020-06-26 10:02:19', '10.15.162.226', 'otomatis'),
('201911020822', '2914', '2020-05-22 14:40:47', '2020-06-26 10:02:19', '10.15.162.226', 'otomatis'),
('201911020822', '2914', '2020-05-26 07:12:56', '2020-06-26 10:02:20', '10.15.162.226', 'otomatis'),
('201911020822', '2914', '2020-05-26 07:12:58', '2020-06-26 10:02:20', '10.15.162.226', 'otomatis'),
('201911020822', '2914', '2020-05-26 16:20:54', '2020-06-26 10:02:20', '10.15.162.226', 'otomatis'),
('201911020822', '2914', '2020-05-27 07:07:44', '2020-06-26 10:02:20', '10.15.162.226', 'otomatis'),
('201911020822', '2914', '2020-05-27 07:07:46', '2020-06-26 10:02:20', '10.15.162.226', 'otomatis'),
('201911020822', '2914', '2020-05-27 16:19:00', '2020-06-26 10:02:21', '10.15.162.226', 'otomatis'),
('201911020822', '2914', '2020-05-28 07:06:35', '2020-06-26 10:02:21', '10.15.162.226', 'otomatis'),
('201911020822', '2914', '2020-05-28 16:20:43', '2020-06-26 10:02:21', '10.15.162.226', 'otomatis'),
('201911020822', '2914', '2020-05-29 07:18:25', '2020-06-26 10:02:21', '10.15.162.226', 'otomatis'),
('201911020822', '2914', '2020-05-29 07:18:29', '2020-06-26 10:02:21', '10.15.162.226', 'otomatis'),
('201911020822', '2914', '2020-05-29 16:08:31', '2020-06-26 10:02:22', '10.15.162.226', 'otomatis'),
('201911020822', '2914', '2020-05-29 16:08:33', '2020-06-26 10:02:22', '10.15.162.226', 'otomatis'),
('201911020822', '2914', '2020-06-02 07:14:32', '2020-06-26 10:02:23', '10.15.162.226', 'otomatis'),
('201911020822', '2914', '2020-06-02 16:25:41', '2020-06-26 10:02:23', '10.15.162.226', 'otomatis'),
('201911020822', '2914', '2020-06-03 07:21:19', '2020-06-26 10:02:23', '10.15.162.226', 'otomatis'),
('201911020822', '2914', '2020-06-03 16:09:35', '2020-06-26 10:02:23', '10.15.162.226', 'otomatis'),
('201911020822', '2914', '2020-06-04 07:14:39', '2020-06-26 10:02:24', '10.15.162.226', 'otomatis'),
('201911020822', '2914', '2020-06-04 16:15:27', '2020-06-26 10:02:24', '10.15.162.226', 'otomatis'),
('201911020822', '2914', '2020-06-05 07:16:28', '2020-06-26 10:02:24', '10.15.162.226', 'otomatis'),
('201911020822', '2914', '2020-06-05 16:32:06', '2020-06-26 10:02:24', '10.15.162.226', 'otomatis'),
('201911020822', '2914', '2020-06-08 07:25:06', '2020-06-26 10:02:25', '10.15.162.226', 'otomatis'),
('201911020822', '2914', '2020-06-08 16:13:13', '2020-06-26 10:02:25', '10.15.162.226', 'otomatis'),
('201911020822', '2914', '2020-06-09 07:20:32', '2020-06-26 10:02:26', '10.15.162.226', 'otomatis'),
('201911020822', '2914', '2020-06-09 16:16:23', '2020-06-26 10:02:26', '10.15.162.226', 'otomatis'),
('201911020822', '2914', '2020-06-09 16:16:26', '2020-06-26 10:02:26', '10.15.162.226', 'otomatis'),
('201911020822', '2914', '2020-06-10 07:18:58', '2020-06-26 10:02:26', '10.15.162.226', 'otomatis'),
('201911020822', '2914', '2020-06-10 16:20:33', '2020-06-26 10:02:26', '10.15.162.226', 'otomatis'),
('201911020822', '2914', '2020-06-11 07:13:50', '2020-06-26 10:02:26', '10.15.162.226', 'otomatis'),
('201911020822', '2914', '2020-06-11 07:13:52', '2020-06-26 10:02:26', '10.15.162.226', 'otomatis'),
('201911020822', '2914', '2020-06-11 16:20:37', '2020-06-26 10:02:27', '10.15.162.226', 'otomatis'),
('201911020822', '2914', '2020-06-11 16:20:40', '2020-06-26 10:02:27', '10.15.162.226', 'otomatis'),
('201911020822', '2914', '2020-06-12 07:22:11', '2020-06-26 10:02:27', '10.15.162.226', 'otomatis'),
('201911020822', '2914', '2020-06-12 07:22:13', '2020-06-26 10:02:27', '10.15.162.226', 'otomatis'),
('201911020822', '2914', '2020-06-12 16:31:26', '2020-06-26 10:02:27', '10.15.162.226', 'otomatis'),
('201911020822', '2914', '2020-06-12 16:31:28', '2020-06-26 10:02:27', '10.15.162.226', 'otomatis'),
('201911020822', '2914', '2020-06-15 07:24:47', '2020-06-26 10:02:28', '10.15.162.226', 'otomatis'),
('201911020822', '2914', '2020-06-15 16:21:14', '2020-06-26 10:02:28', '10.15.162.226', 'otomatis'),
('201911020822', '2914', '2020-06-16 07:12:08', '2020-06-26 10:02:29', '10.15.162.226', 'otomatis'),
('201911020822', '2914', '2020-06-16 16:24:28', '2020-06-26 10:02:29', '10.15.162.226', 'otomatis'),
('201911020822', '2914', '2020-06-17 07:13:39', '2020-06-26 10:02:29', '10.15.162.226', 'otomatis'),
('201911020822', '2914', '2020-06-17 16:21:34', '2020-06-26 10:02:29', '10.15.162.226', 'otomatis'),
('201911020822', '2914', '2020-06-18 07:20:58', '2020-06-26 10:02:30', '10.15.162.226', 'otomatis'),
('201911020822', '2914', '2020-06-18 16:13:31', '2020-06-26 10:02:30', '10.15.162.226', 'otomatis'),
('201911020822', '2914', '2020-06-19 07:29:52', '2020-06-26 10:02:30', '10.15.162.226', 'otomatis'),
('201911020822', '2914', '2020-06-19 16:19:05', '2020-06-26 10:02:30', '10.15.162.226', 'otomatis'),
('201911020822', '2914', '2020-06-22 07:20:08', '2020-06-26 10:02:31', '10.15.162.226', 'otomatis'),
('201911020822', '2914', '2020-06-22 16:18:40', '2020-06-26 10:02:31', '10.15.162.226', 'otomatis'),
('201911020822', '2914', '2020-06-23 07:35:26', '2020-06-26 10:02:32', '10.15.162.226', 'otomatis'),
('201911020822', '2914', '2020-06-23 16:16:37', '2020-06-26 10:02:32', '10.15.162.226', 'otomatis'),
('201911020822', '2914', '2020-06-23 16:16:40', '2020-06-26 10:02:32', '10.15.162.226', 'otomatis'),
('201911020822', '2914', '2020-06-24 07:15:26', '2020-06-26 10:02:32', '10.15.162.226', 'otomatis'),
('201911020822', '2914', '2020-06-24 16:13:04', '2020-06-26 10:02:33', '10.15.162.226', 'otomatis'),
('201911020822', '2914', '2020-06-25 07:19:04', '2020-06-26 10:02:33', '10.15.162.226', 'otomatis'),
('201911020822', '2914', '2020-06-25 16:12:27', '2020-06-26 10:02:33', '10.15.162.226', 'otomatis'),
('201911020822', '2914', '2020-06-26 07:25:16', '2020-06-26 10:02:33', '10.15.162.226', 'otomatis'),
('201911020822', '2914', '2020-06-26 07:25:19', '2020-06-26 10:02:33', '10.15.162.226', 'otomatis'),
('201911020822', '2914', '2020-06-26 16:25:04', '2020-06-29 13:50:40', '10.15.162.226', 'otomatis'),
('201911020822', '2914', '2020-06-29 16:17:45', '2020-07-09 15:54:10', '10.15.162.226', 'otomatis'),
('201911020822', '2914', '2020-06-29 16:17:48', '2020-07-09 15:54:10', '10.15.162.226', 'otomatis'),
('201911020822', '2914', '2020-06-30 07:19:22', '2020-07-09 15:54:11', '10.15.162.226', 'otomatis'),
('201911020822', '2914', '2020-06-30 16:11:51', '2020-07-09 15:54:11', '10.15.162.226', 'otomatis'),
('201911020822', '2914', '2020-07-01 07:22:39', '2020-07-09 15:54:12', '10.15.162.226', 'otomatis'),
('201911020822', '2914', '2020-07-01 16:23:06', '2020-07-09 15:54:13', '10.15.162.226', 'otomatis'),
('201911020822', '2914', '2020-07-02 07:20:04', '2020-07-09 15:54:13', '10.15.162.226', 'otomatis'),
('201911020822', '2914', '2020-07-02 16:20:22', '2020-07-09 15:54:14', '10.15.162.226', 'otomatis'),
('201911020822', '2914', '2020-07-03 07:31:14', '2020-07-09 15:54:14', '10.15.162.226', 'otomatis'),
('201911020822', '2914', '2020-07-03 07:31:16', '2020-07-09 15:54:14', '10.15.162.226', 'otomatis'),
('201911020822', '2914', '2020-07-03 16:09:50', '2020-07-09 15:54:14', '10.15.162.226', 'otomatis'),
('201911020822', '2914', '2020-07-06 07:18:50', '2020-07-09 15:54:15', '10.15.162.226', 'otomatis'),
('201911020822', '2914', '2020-07-06 16:19:32', '2020-07-09 15:54:16', '10.15.162.226', 'otomatis'),
('201911020822', '2914', '2020-07-07 07:27:29', '2020-07-09 15:54:16', '10.15.162.226', 'otomatis'),
('201911020822', '2914', '2020-07-07 16:09:20', '2020-07-09 15:54:16', '10.15.162.226', 'otomatis'),
('201911020822', '2914', '2020-07-08 07:26:51', '2020-07-09 15:54:18', '10.15.162.226', 'otomatis'),
('201911020822', '2914', '2020-07-08 16:11:56', '2020-07-09 15:54:18', '10.15.162.226', 'otomatis'),
('201911020822', '2914', '2020-07-09 07:25:44', '2020-07-09 15:54:18', '10.15.162.226', 'otomatis'),
('201911020822', '2914', '2020-07-09 07:25:46', '2020-07-09 15:54:18', '10.15.162.226', 'otomatis');

-- --------------------------------------------------------

--
-- Table structure for table `logmasterpegawai`
--

CREATE TABLE `logmasterpegawai` (
  `IdPegawai` char(12) NOT NULL,
  `NIK` char(16) DEFAULT NULL,
  `NomorHandKey` varchar(10) DEFAULT NULL,
  `NamaLengkap` varchar(50) DEFAULT NULL,
  `GelarDepan` varchar(15) DEFAULT NULL,
  `GelarBelakang` varchar(15) DEFAULT NULL,
  `JenisKelamin` char(1) DEFAULT NULL,
  `TempatLahir` varchar(50) DEFAULT NULL,
  `TanggalLahir` date DEFAULT NULL,
  `GolonganDarah` varchar(2) DEFAULT NULL,
  `IdStatusPerkawinan` int(11) DEFAULT NULL,
  `IdAgama` int(11) DEFAULT NULL,
  `NomorHandphone` varchar(13) DEFAULT NULL,
  `NomorTelepon` varchar(13) DEFAULT NULL,
  `NomorKK` varchar(16) DEFAULT NULL,
  `NomorNPWP` varchar(20) DEFAULT NULL,
  `NomorBPJSKetenagakerjaan` varchar(15) DEFAULT NULL,
  `NomorBPJSKesehatan` varchar(15) DEFAULT NULL,
  `NomorRekening` varchar(50) DEFAULT NULL,
  `NomorSimA` varchar(20) DEFAULT NULL,
  `NomorSimC` varchar(20) DEFAULT NULL,
  `LokasiFoto` varchar(50) DEFAULT NULL,
  `MulaiKerja` date DEFAULT NULL,
  `TanggalPensiun` date DEFAULT NULL,
  `IdStatusPegawai` int(11) DEFAULT NULL,
  `IdUnitKerja` int(11) DEFAULT NULL,
  `IdJabatan` int(11) DEFAULT NULL,
  `IdJenisJamKerja` int(11) DEFAULT NULL,
  `IdMasaKerja` int(11) DEFAULT NULL,
  `IdJabatanAtasan` int(11) DEFAULT NULL,
  `StatusAktif` char(1) DEFAULT NULL,
  `TanggalUpdate` timestamp NULL DEFAULT CURRENT_TIMESTAMP,
  `TanggalPenyesuaianIjazah` date DEFAULT NULL,
  `IdUser` char(12) DEFAULT NULL
) ENGINE=InnoDB DEFAULT CHARSET=latin1;

--
-- Dumping data for table `logmasterpegawai`
--

INSERT INTO `logmasterpegawai` (`IdPegawai`, `NIK`, `NomorHandKey`, `NamaLengkap`, `GelarDepan`, `GelarBelakang`, `JenisKelamin`, `TempatLahir`, `TanggalLahir`, `GolonganDarah`, `IdStatusPerkawinan`, `IdAgama`, `NomorHandphone`, `NomorTelepon`, `NomorKK`, `NomorNPWP`, `NomorBPJSKetenagakerjaan`, `NomorBPJSKesehatan`, `NomorRekening`, `NomorSimA`, `NomorSimC`, `LokasiFoto`, `MulaiKerja`, `TanggalPensiun`, `IdStatusPegawai`, `IdUnitKerja`, `IdJabatan`, `IdJenisJamKerja`, `IdMasaKerja`, `IdJabatanAtasan`, `StatusAktif`, `TanggalUpdate`, `TanggalPenyesuaianIjazah`, `IdUser`) VALUES
('202006010823', NULL, NULL, 'Nescafe', NULL, NULL, '1', NULL, NULL, NULL, NULL, NULL, NULL, NULL, NULL, NULL, NULL, NULL, NULL, NULL, NULL, NULL, NULL, NULL, NULL, NULL, NULL, NULL, NULL, NULL, NULL, '2020-06-22 07:14:13', NULL, NULL),
('202006010828', NULL, NULL, 'Tissue', NULL, NULL, '1', NULL, NULL, NULL, NULL, NULL, NULL, NULL, NULL, NULL, NULL, NULL, NULL, NULL, NULL, NULL, NULL, NULL, NULL, NULL, NULL, NULL, NULL, NULL, '1', '2020-06-24 00:39:41', NULL, NULL),
('202006010829', NULL, NULL, 'Nescafe2', NULL, NULL, '1', NULL, NULL, NULL, NULL, NULL, NULL, NULL, NULL, NULL, NULL, NULL, NULL, NULL, NULL, NULL, NULL, NULL, NULL, NULL, NULL, NULL, NULL, NULL, '1', '2020-06-24 00:48:28', NULL, NULL),
('202006020823', NULL, NULL, 'aa', NULL, NULL, '2', NULL, NULL, NULL, NULL, NULL, NULL, NULL, NULL, NULL, NULL, NULL, NULL, NULL, NULL, NULL, NULL, NULL, NULL, NULL, NULL, NULL, NULL, NULL, '1', '2020-06-24 00:49:22', NULL, NULL),
('202006010824', NULL, NULL, 'Gelas', NULL, NULL, '1', NULL, NULL, NULL, NULL, NULL, NULL, NULL, NULL, NULL, NULL, NULL, NULL, NULL, NULL, NULL, NULL, NULL, NULL, NULL, NULL, NULL, NULL, NULL, '1', '2020-06-29 15:14:28', NULL, NULL),
('202006020825', NULL, NULL, 'Kaca', NULL, NULL, '2', NULL, NULL, NULL, NULL, NULL, NULL, NULL, NULL, NULL, NULL, NULL, NULL, NULL, NULL, NULL, NULL, NULL, NULL, NULL, NULL, NULL, NULL, NULL, '1', '2020-06-29 15:16:20', NULL, NULL),
('202006020826', NULL, NULL, 'Gunting', NULL, NULL, '2', NULL, NULL, NULL, NULL, NULL, NULL, NULL, NULL, NULL, NULL, NULL, NULL, NULL, NULL, NULL, NULL, NULL, NULL, NULL, NULL, NULL, NULL, NULL, '1', '2020-06-29 15:17:39', NULL, NULL),
('202007010827', NULL, NULL, 'Samsung', NULL, NULL, '1', NULL, NULL, NULL, NULL, NULL, NULL, NULL, NULL, NULL, NULL, NULL, NULL, NULL, NULL, NULL, NULL, NULL, NULL, NULL, NULL, NULL, NULL, NULL, '1', '2020-07-01 02:23:59', NULL, NULL),
('202007010828', NULL, NULL, 'Samsung', NULL, NULL, '1', NULL, NULL, NULL, NULL, NULL, NULL, NULL, NULL, NULL, NULL, NULL, NULL, NULL, NULL, NULL, NULL, NULL, NULL, NULL, NULL, NULL, NULL, NULL, '1', '2020-07-01 02:24:59', NULL, NULL),
('202007010829', NULL, NULL, 'Kulo', NULL, NULL, '1', NULL, NULL, NULL, NULL, NULL, NULL, NULL, NULL, NULL, NULL, NULL, NULL, NULL, NULL, NULL, NULL, NULL, NULL, NULL, NULL, NULL, NULL, NULL, '1', '2020-07-05 15:08:56', NULL, NULL),
('202007010830', NULL, NULL, 'Tuku', NULL, NULL, '1', NULL, NULL, NULL, NULL, NULL, NULL, NULL, NULL, NULL, NULL, NULL, NULL, NULL, NULL, NULL, NULL, NULL, NULL, NULL, NULL, NULL, NULL, NULL, '1', '2020-07-05 15:12:05', NULL, NULL),
('202007020831', NULL, NULL, 'Sisir', NULL, NULL, 'P', NULL, NULL, NULL, NULL, NULL, NULL, NULL, NULL, NULL, NULL, NULL, NULL, NULL, NULL, NULL, NULL, NULL, NULL, NULL, NULL, NULL, NULL, NULL, '1', '2020-07-05 15:13:35', NULL, NULL),
('202007010832', NULL, NULL, 'Mukena', NULL, NULL, 'L', NULL, NULL, NULL, NULL, NULL, NULL, NULL, NULL, NULL, NULL, NULL, NULL, NULL, NULL, NULL, NULL, NULL, NULL, NULL, NULL, NULL, NULL, NULL, '1', '2020-07-05 15:13:57', NULL, NULL),
('202007020833', NULL, NULL, 'Payung', NULL, NULL, 'P', NULL, NULL, NULL, NULL, NULL, NULL, NULL, NULL, NULL, NULL, NULL, NULL, NULL, NULL, NULL, NULL, NULL, NULL, NULL, NULL, NULL, NULL, NULL, '1', '2020-07-05 15:27:22', NULL, NULL),
('202007020835', NULL, NULL, 'harvest', NULL, NULL, 'P', NULL, NULL, NULL, NULL, NULL, NULL, NULL, NULL, NULL, NULL, NULL, NULL, NULL, NULL, NULL, NULL, NULL, NULL, NULL, NULL, NULL, NULL, NULL, '1', '2020-07-05 15:35:33', NULL, NULL),
('202007010836', NULL, NULL, 'Mas Agus Rahmat Musalim', NULL, NULL, 'L', NULL, NULL, NULL, NULL, NULL, NULL, NULL, NULL, NULL, NULL, NULL, NULL, NULL, NULL, NULL, NULL, NULL, NULL, NULL, NULL, NULL, NULL, NULL, '1', '2020-07-13 04:44:34', NULL, NULL),
('202007020837', NULL, NULL, 'Dini', NULL, NULL, 'P', NULL, NULL, NULL, NULL, NULL, NULL, NULL, NULL, NULL, NULL, NULL, NULL, NULL, NULL, NULL, NULL, NULL, NULL, NULL, NULL, NULL, NULL, NULL, '1', '2020-07-13 05:08:56', NULL, NULL),
('202007010838', NULL, NULL, 'vindo', NULL, NULL, 'L', NULL, NULL, NULL, NULL, NULL, NULL, NULL, NULL, NULL, NULL, NULL, NULL, NULL, NULL, NULL, NULL, NULL, NULL, NULL, NULL, NULL, NULL, 24, '1', '2020-07-13 05:11:51', NULL, NULL),
('202006020824', NULL, NULL, 'Merche', NULL, NULL, '2', NULL, NULL, NULL, NULL, NULL, NULL, NULL, NULL, NULL, NULL, NULL, NULL, NULL, NULL, NULL, NULL, NULL, NULL, NULL, NULL, NULL, NULL, NULL, NULL, '2020-06-22 07:39:36', NULL, NULL),
('202006010825', NULL, NULL, 'Aqua', NULL, NULL, '1', NULL, NULL, NULL, NULL, NULL, NULL, NULL, NULL, NULL, NULL, NULL, NULL, NULL, NULL, NULL, NULL, NULL, NULL, NULL, NULL, NULL, NULL, NULL, NULL, '2020-06-22 07:49:03', NULL, NULL),
('202006010826', NULL, NULL, 'Oppo', NULL, NULL, '1', NULL, NULL, NULL, NULL, NULL, NULL, NULL, NULL, NULL, NULL, NULL, NULL, NULL, NULL, NULL, NULL, NULL, NULL, NULL, NULL, NULL, NULL, NULL, NULL, '2020-06-22 08:07:06', NULL, NULL),
('202006020827', NULL, NULL, 'Dell', NULL, NULL, '2', NULL, NULL, NULL, NULL, NULL, NULL, NULL, NULL, NULL, NULL, NULL, NULL, NULL, NULL, NULL, NULL, NULL, NULL, NULL, NULL, NULL, NULL, NULL, NULL, '2020-06-22 08:20:13', NULL, NULL),
('202006020824', NULL, NULL, 'Hand', NULL, NULL, '2', NULL, NULL, NULL, NULL, NULL, NULL, NULL, NULL, NULL, NULL, NULL, NULL, NULL, NULL, NULL, NULL, NULL, NULL, NULL, NULL, NULL, NULL, NULL, '1', '2020-06-24 00:50:31', NULL, NULL),
('202006020825', NULL, NULL, 'Hand', NULL, NULL, '2', NULL, NULL, NULL, NULL, NULL, NULL, NULL, NULL, NULL, NULL, NULL, NULL, NULL, NULL, NULL, NULL, NULL, NULL, NULL, NULL, NULL, NULL, NULL, '1', '2020-06-24 00:51:05', NULL, NULL),
('202006020823', NULL, NULL, 'AYU', NULL, NULL, '2', NULL, NULL, NULL, NULL, NULL, NULL, NULL, NULL, NULL, NULL, NULL, NULL, NULL, NULL, NULL, NULL, NULL, NULL, NULL, NULL, NULL, NULL, NULL, '1', '2020-06-24 00:51:38', NULL, NULL),
('202007010834', NULL, NULL, 'Good Day', NULL, NULL, 'L', NULL, NULL, NULL, NULL, NULL, NULL, NULL, NULL, NULL, NULL, NULL, NULL, NULL, NULL, NULL, NULL, NULL, NULL, NULL, NULL, NULL, NULL, NULL, '1', '2020-07-05 15:30:42', NULL, NULL),
('202007010839', NULL, NULL, 'agus', NULL, NULL, 'L', NULL, NULL, NULL, NULL, NULL, NULL, NULL, NULL, NULL, NULL, NULL, NULL, NULL, NULL, NULL, NULL, NULL, NULL, NULL, NULL, NULL, NULL, 24, '1', '2020-07-13 06:56:59', NULL, NULL);

-- --------------------------------------------------------

--
-- Table structure for table `logtokenregistrasi`
--

CREATE TABLE `logtokenregistrasi` (
  `IdToken` int(11) NOT NULL,
  `Email` varchar(70) DEFAULT NULL,
  `Token` varchar(150) DEFAULT NULL,
  `TanggalDibuat` datetime DEFAULT NULL
) ENGINE=InnoDB DEFAULT CHARSET=latin1;

-- --------------------------------------------------------

--
-- Table structure for table `masteragama`
--

CREATE TABLE `masteragama` (
  `IdAgama` int(11) NOT NULL,
  `Agama` varchar(20) DEFAULT NULL,
  `StatusAktif` char(1) DEFAULT NULL,
  `TanggalDibuat` timestamp NULL DEFAULT CURRENT_TIMESTAMP
) ENGINE=InnoDB DEFAULT CHARSET=latin1;

--
-- Dumping data for table `masteragama`
--

INSERT INTO `masteragama` (`IdAgama`, `Agama`, `StatusAktif`, `TanggalDibuat`) VALUES
(1, 'Islam ffrrr', '1', '2020-07-05 07:31:42'),
(2, 'Kristenw', '1', '2020-07-05 07:55:12');

-- --------------------------------------------------------

--
-- Table structure for table `masteraksesmenu`
--

CREATE TABLE `masteraksesmenu` (
  `IdHakAkses` int(11) NOT NULL,
  `IdMenu` int(11) NOT NULL
) ENGINE=InnoDB DEFAULT CHARSET=latin1;

--
-- Dumping data for table `masteraksesmenu`
--

INSERT INTO `masteraksesmenu` (`IdHakAkses`, `IdMenu`) VALUES
(2, 2),
(6, 6),
(6, 11),
(7, 6);

-- --------------------------------------------------------

--
-- Table structure for table `masteraktivitas`
--

CREATE TABLE `masteraktivitas` (
  `IdAktivitas` int(11) NOT NULL,
  `IdSasaranMutu` int(11) DEFAULT NULL,
  `Aktivitas` varchar(500) DEFAULT NULL,
  `WaktuEfektif` int(11) DEFAULT NULL,
  `StatusAktif` char(1) DEFAULT NULL
) ENGINE=InnoDB DEFAULT CHARSET=latin1;

--
-- Dumping data for table `masteraktivitas`
--

INSERT INTO `masteraktivitas` (`IdAktivitas`, `IdSasaranMutu`, `Aktivitas`, `WaktuEfektif`, `StatusAktif`) VALUES
(1, NULL, 'Memberikan Pengarahan', 30, '1'),
(2, NULL, 'Koordinasi dengan instalasi lain', 60, '1'),
(3, NULL, 'Rapat', 60, '1'),
(4, NULL, 'Melaksanakan / mengikuti kegiatan apel / upacara', 60, '1'),
(5, NULL, 'Melakukan inservice jaringan online mainframe', 15, '1'),
(6, NULL, 'Melakukan backup data', 120, '1'),
(7, NULL, 'melakukan inservice printer online ', 15, '1'),
(8, NULL, 'Melakukan pemeliharaan perangkat keras/lunak', 60, '1'),
(10, NULL, 'Melakukan pengelolaan / pemeliharaan sistem aplikasi', 60, '1'),
(11, NULL, 'Melakukan rekruitment calon tenaga kerja untuk penempatan (per orang)', 120, '1'),
(12, NULL, 'Melakukan start up aplikasi online pada mesin mainframe', 30, '1'),
(13, NULL, 'Membuat laporan', 180, '1'),
(14, NULL, 'mengelola surat', 5, '1'),
(15, NULL, 'Mengembangkan / meremajakan aplikasi / sistem informasi ', 60, '1'),
(16, NULL, 'Mengidentifikasi dan memverifikasi data', 30, '1'),
(17, NULL, 'Mengikuti rapat koordinasi', 120, '1'),
(18, NULL, 'Mengikuti Rapat teknis', 120, '1'),
(19, NULL, 'Melakukan stop aplikasi online pada mesin mainframe', 30, '1'),
(20, NULL, 'Menginput data ke dalam sistem', 30, '1'),
(21, NULL, 'Mengolah Data', 60, '1'),
(22, NULL, 'Mengolah / menyiapkan / menyajikan data', 30, '1'),
(23, NULL, 'Menjadi petugas upacara / apel', 60, '1'),
(24, NULL, 'Monitoring kegiatan', 120, '1'),
(26, NULL, 'Melakukan coding Program database ', 60, '1'),
(27, NULL, 'Melakukan konversi sistem database', 60, '1'),
(28, NULL, 'Melakukan coding program database', 60, '1'),
(29, NULL, 'Melakukan konversi sistem database', 60, '1'),
(31, NULL, 'memimpin rapat', 120, '1'),
(32, NULL, 'Melakukan Recovery data / aplikasi / sistem', 120, '1'),
(33, NULL, 'Melakukan Pengamanan / pemantauan data / sistem', 60, '1'),
(34, NULL, 'Membuat otorisasi akses database', 60, '1'),
(35, NULL, 'Migrasi Database', 60, '1'),
(36, NULL, 'Melaksanakan duplikasi database', 60, '1'),
(37, NULL, 'Melakukan backup aplikasi /sistem', 120, '1'),
(38, NULL, 'Membuat rancangan aplikasi / sistem informasi ', 90, '1'),
(39, NULL, 'Membuat sistem / aplikasi IT', 120, '1'),
(40, NULL, 'Melakukan Audit Rutin sistem', 60, '1'),
(41, NULL, 'Melakukan instalasi Perangkat Lunak / Keras', 30, '1'),
(42, NULL, 'Meneliti data', 30, '1'),
(43, NULL, 'Mengelola alokasi area database', 30, '1'),
(44, NULL, 'Meningkatkan kinerja Perangkat lunak pada komputer mainframe / server', 30, '1'),
(45, NULL, 'Menyusun / membuat SKP', 60, '1'),
(46, NULL, 'Inventaris Permasalahan', 60, '1'),
(47, NULL, 'Melaksanakan Penerapan rancangan konfigurasi sistem jaringan komputer', 60, '1'),
(48, NULL, 'Membuat surat edaran', 60, '1'),
(49, NULL, 'Memberikan disposisi kepada bawahan', 5, '1'),
(50, NULL, 'Membuat algoritma pemrograman per modul', 60, '1'),
(51, NULL, 'Membuat notulen rapat', 30, '1'),
(52, NULL, 'Mengikuti rapat koordinasi', 45, '1'),
(53, NULL, 'Mengikuti rapat koordinasi', 60, '1'),
(54, NULL, 'Mengikuti rapat koordinasi', 90, '1'),
(55, NULL, 'Mengikuti rapat koordinasi', 120, '1'),
(56, NULL, 'Mengikuti rapat koordinasi', 180, '1'),
(57, NULL, 'Mengikuti rapat teknis', 45, '1'),
(58, NULL, 'Mengikuti rapat teknis', 60, '1'),
(59, NULL, 'Mengikuti rapat teknis', 90, '1'),
(60, NULL, 'Mengikuti rapat teknis', 120, '1'),
(61, NULL, 'Mengikuti rapat teknis', 180, '1'),
(62, NULL, 'Menyiapkan rapat/diktat (Snack, daftar hadir) (Per 1 kegiatan)', 15, '0'),
(63, NULL, 'Menyiapkan rapat/diktat (Snack, daftar hadir) (Per 1 kegiatan)', 30, '0'),
(64, NULL, 'Mengikuti RAPIM Gubernur', 60, '1'),
(65, NULL, 'Mengikuti RAPIM Gubernur', 120, '1'),
(66, NULL, 'Mengikuti RAPIM Gubernur', 180, '1'),
(67, NULL, 'Memimpin rapat', 30, '1'),
(68, NULL, 'Memimpin rapat', 60, '1'),
(69, NULL, 'Memimpin rapat', 120, '1'),
(70, NULL, 'Memimpin rapat', 180, '1'),
(71, NULL, 'Mengikuti kegiatan Rapat Kerja Nasional/Rembug Nasional', 180, '1'),
(72, NULL, 'Mengikuti kegiatan Rapat Kerja Nasional/Rembug Nasional', 300, '1'),
(73, NULL, 'Mengikuti kegiatan Rapat Kerja Nasional/Rembug Nasional', 360, '1'),
(74, NULL, 'Melakukan Rapat Rekonsiliasi dengan para PPTK yang memiliki tagihan utang pada pihak ketiga', 120, '1'),
(75, NULL, 'Melakukan Rapat Rekonsiliasi dengan pengurus barang dan penyimpan barang', 120, '1'),
(76, NULL, 'Melakukan Rapat Rekonsiliasi dengan para  bendahara pengeluaran', 120, '1'),
(77, NULL, 'Membuat notulen rapat', 20, '1'),
(78, NULL, 'Membuat notulen rapat', 30, '1'),
(79, NULL, 'Membuat notulen rapat', 45, '1'),
(80, NULL, 'Membuat notulen rapat', 60, '1'),
(81, NULL, 'Membuat pointers/agenda rapat', 15, '1'),
(82, NULL, 'Membuat pointers/agenda rapat', 30, '1'),
(83, NULL, 'Melaksanakan konfirmasi/rekonsiliasi dengan pusat /provinsi / SKPD / UKPD', 30, '1'),
(84, NULL, 'Melaksanakan konfirmasi/rekonsiliasi dengan pusat /provinsi / SKPD / UKPD', 60, '1'),
(85, NULL, 'Melaksanakan konfirmasi/rekonsiliasi dengan pusat /provinsi / SKPD / UKPD', 120, '1'),
(86, NULL, 'Melaksanakan konfirmasi/rekonsiliasi dengan pusat /provinsi / SKPD / UKPD', 180, '1'),
(87, NULL, 'Menerima, mencatat, memberi lembar disposisi', 3, '1'),
(88, NULL, 'Menerima, mencatat, memberi lembar disposisi', 5, '1'),
(89, NULL, 'Melakukan kegiatan pelayanan (Menerima,-memverifikasi, dan mencatat berkas/surat/dokumen dan/atau memberi penjelasan)', 3, '1'),
(90, NULL, 'Melakukan kegiatan pelayanan (Menerima, memverifikasi, dan mencatat berkas/surat/dokumen dan/atau memberi penjelasan)', 5, '1'),
(91, NULL, 'Melakukan kegiatan pelayanan (Menerima, memverifikasi dan mencatat berkas/surat/dokumen dan/atau memberi penjelasan)', 15, '1'),
(92, NULL, 'Membuat konsep Surat Dinas/Nota Dinas -', 15, '1'),
(93, NULL, 'Membuat konsep Surat Dinas/Nota Dinas', 30, '1'),
(94, NULL, 'Membuat konsep Surat Dinas/Nota Dinas', 45, '1'),
(95, NULL, 'Membuat konsep Surat Dinas/Nota Dinas', 60, '1'),
(96, NULL, 'Mengelola surat', 5, '1'),
(97, NULL, 'Melakukan kegiatan administrasi (Menerima surat, fax, telepon dan mengirim surat, fax)', 5, '1'),
(98, NULL, 'Melakukan kegiatan administrasi (Menerima surat, fax, telepon dan mengirim surat, fax)', 10, '1'),
(99, NULL, 'Melakukan kegiatan administrasi (Menerima surat, fax, telepon dan mengirim surat, fax)', 15, '1'),
(100, NULL, 'Melakukan kegiatan surat menyurat', 15, '1'),
(101, NULL, 'Membuat konsep Surat Edaran Sekretaris Daerah', 60, '1'),
(102, NULL, 'Membuat konsep Surat Edaran Sekretaris Daerah', 90, '1'),
(103, NULL, 'Membuat konsep Surat Edaran Sekretaris Daerah', 120, '1'),
(104, NULL, 'Membuat konsep Surat Keputusan/Penetapan', 30, '1'),
(105, NULL, 'Membuat konsep Surat Keputusan/Penetapan', 60, '1'),
(106, NULL, 'Membuat Surat Teguran', 30, '1'),
(107, NULL, 'Mengetik Surat', 15, '1'),
(108, NULL, 'Membuat konsep Surat Edaran Gubernur', 60, '1'),
(109, NULL, 'Membuat instruksi Kepala SKPD/UKPD', 30, '1'),
(110, NULL, 'Membuat instruksi Kepala SKPD/UKPD', 60, '1'),
(111, NULL, 'Membuat instruksi Sekertaris Daerah', 30, '1'),
(112, NULL, 'Membuat instruksi Sekertaris Daerah', 60, '1'),
(113, NULL, 'Membuat instruksi Sekertaris Daerah', 90, '1'),
(114, NULL, 'Membuat Surat Gugatan/Memori atau Kontra Memori', 300, '1'),
(115, NULL, 'Membuat surat jawaban atas pengaduan masyarakat', 60, '1'),
(116, NULL, 'Mengambil/mengantar dokumenJsurat/berkas', 5, '1'),
(117, NULL, 'Mengambil/mengantar dokumen/surat/berkas', 15, '1'),
(118, NULL, 'Mengambil/mengantar dokumen/surat/berkas', 30, '1'),
(119, NULL, 'Mengambil/mengantar dokumen/surat/berkas', 60, '1'),
(120, NULL, 'Mengambil/mengantar dokumen/surat/berkas', 120, '1'),
(121, NULL, 'Membuat Surat Pengantar Rekomendasi Teknis ke instansi terkait sesuai dengan bidang perizinan', 30, '1'),
(122, NULL, 'Menyusun ringkasan surat masuk Gubernur (Membuat resume)', 10, '0'),
(123, NULL, 'Menyusun ringkasan surat masuk Gubernur (Membuat resume)', 15, '0'),
(124, NULL, 'Membuat Surat Pernyataan Pelantikan', 5, '1'),
(125, NULL, 'Meneliti, memeriksa, memvalidasi konsep Surat Keputusan', 15, '1'),
(126, NULL, 'Meneliti, memeriksa, memvalidasi konsep Surat Keputusan', 30, '1'),
(127, NULL, 'Meneliti, memeriksa, memvalidasi Surat Keputusan', 15, '1'),
(128, NULL, 'Membuat Surat Edaran', 30, '1'),
(129, NULL, 'Membuat Surat Edaran', 60, '1'),
(130, NULL, 'Memeriksa kelengkapan surat kendaraan bermotor (Per 1dokumen)', 15, '1'),
(131, NULL, 'Memeriksa kelengkapan surat/dokumen', 5, '1'),
(132, NULL, 'Memeriksa kelengkapan surat/dokumen', 10, '1'),
(133, NULL, 'Memeriksa kelengkapan surat/dokumen', 15, '1'),
(134, NULL, 'Memeriksa kelengkapan surat/dokumen', 30, '1'),
(135, NULL, 'Menginventarisasi surat usulan anggaran', 5, '1'),
(136, NULL, 'Mengadministrasikan surat', 5, '1'),
(137, NULL, 'Menandatangani/memaraf Surat Kedinasan/dokumen/petikan', 5, '1'),
(138, NULL, 'Menandatangani/memaraf Surat Kedinasan/dokumen/petikan', 10, '1'),
(139, NULL, 'Membuat perbaikan Surat Keputusan', 15, '1'),
(140, NULL, 'Membuat perbaikan Surat Keputusan', 30, '1'),
(141, NULL, 'Membuat perbaikan Surat Keputusan', 60, '1'),
(142, NULL, 'Menerbitkan Surat Rekomendasi/Surat Izin', 30, '1'),
(143, NULL, 'Pelayanan Surat PM1/pernyataan/keterangan', 10, '0'),
(144, NULL, 'Menerima, mencatat bahan/objek kerja', 1, '1'),
(145, NULL, 'Menerima, mencatat bahan/objek kerja', 10, '1'),
(146, NULL, 'Menerima, mencatat bahan/objek kerja', 15, '1'),
(147, NULL, 'Melaksanakan perbaikan objek kerja setelah koreksi pimpinan', 15, '1'),
(148, NULL, 'Melaksanakan perbaikan objek kerja setelah koreksi pimpinan', 30, '1'),
(149, NULL, 'Membuat perbaikan/koreksi/revisi objek kerja', 15, '1'),
(150, NULL, 'Membuat perbaikan/koreksi/revisi objek kerja', 30, '1'),
(151, NULL, 'Membuat perbaikan/koreksi/revisi objek kerja', 60, '1'),
(152, NULL, 'Memperbaiki/memeriksa objek kerja', 15, '1'),
(153, NULL, 'Memperbaiki/memeriksa objek kerja', 30, '1'),
(154, NULL, 'Memperbaiki/memeriksa objek kerja', 60, '1'),
(155, NULL, 'Penindakan penyegelan sesuai dengan objek kerja', 60, '0'),
(156, NULL, 'Melaksanakan pengumpulan data, validasi data, analisis data dan penyajian (publikasi data) sesuai dengan objek kerja', 60, '1'),
(157, NULL, 'Melaksanakan pengumpulan data, validasi data, analisis data dan penyajian (publikasi data) sesuai dengan objek kerja', 120, '1'),
(158, NULL, 'Melaksanakan pelayanan kesehatan sesuai dengan objek kerja', 30, '1'),
(159, NULL, 'Memeriksa dan mengklasifikasikan bahan dan data objek kerja', 10, '1'),
(160, NULL, 'Melakukan koordinasi melalui media elektronik', 15, '1'),
(161, NULL, 'Melakukan koordinasi dengan pusat/provinsi', 60, '1'),
(162, NULL, 'Melakukan koordinasi dengan pusat/provinsi', 120, '1'),
(163, NULL, 'Melakukan koordinasi dengan SKPD', 30, '1'),
(164, NULL, 'Melakukan koordinasi dengan SKPD', 45, '1'),
(165, NULL, 'Melakukan koordinasi dengan SKPD', 60, '1'),
(166, NULL, 'Melakukan koordinasi dengan subbidang/ subbagian dalam satu SKPD', 15, '1'),
(167, NULL, 'Melakukan koordinasi dengan subbidang/subbagian dalam satu SKPD', 30, '1'),
(168, NULL, 'Menghadiri acara seremonial', 30, '1'),
(169, NULL, 'Menghadiri acara seremonial', 60, '1'),
(170, NULL, 'Menghadiri acara seremonial', 90, '1'),
(171, NULL, 'Mempersiapkan acara/kegiatan', 30, '1'),
(172, NULL, 'Mempersiapkan acara/kegiatan', 60, '1'),
(173, NULL, 'Mempersiapkan acara/kegiatan', 90, '1'),
(174, NULL, 'Mempersiapkan acara/kegiatan', 120, '1'),
(175, NULL, 'Membawakan acara/MC (Per kegiatan)', 60, '1'),
(176, NULL, 'Melaksakan tugas sebagai pembaca doa (lx acara/event)', 15, '1'),
(177, NULL, 'Mengikuti kegiatan kerja bakti', 45, '1'),
(178, NULL, 'Mengikuti kegiatan kerja bakti', 60, '1'),
(179, NULL, 'Mengikuti kegiatan kerja bakti', 90, '1'),
(180, NULL, 'Membuat jadwal kegiatan', 15, '1'),
(181, NULL, 'Membuat jadwal kegiatan', 30, '1'),
(182, NULL, 'Melaksanakan penjurian (per hariper kegiatan)', 120, '1'),
(183, NULL, 'Menyelenggarakan event kegiatan', 30, '0'),
(184, NULL, 'Menyelenggarakan event kegiatan', 60, '0'),
(185, NULL, 'Menyelenggarakan event kegiatan', 120, '0'),
(186, NULL, 'Mengikuti seminar/lokakarya/konferensi', 60, '1'),
(187, NULL, 'Mengikuti seminar/lokakarya/konferensi', 120, '1'),
(188, NULL, 'Menjadi moderator', 60, '0'),
(189, NULL, 'Menjadi moderator', 120, '0'),
(190, NULL, 'Menjadi narasumber', 60, '0'),
(191, NULL, 'Menjadi narasumber', 120, '0'),
(192, NULL, 'Mengajar/melatih', 60, '1'),
(193, NULL, 'Mengajar/melatih', 120, '1'),
(194, NULL, 'Panitia pada pelaksanaan kegiatan di SKPD/UKPD', 60, '0'),
(195, NULL, 'Panitia pada pelaksanaan kegiatan di SKPD/UKPD', 120, '0'),
(196, NULL, 'Panitia pada pelaksanaan kegiatan di SKPD/UKPD', 180, '0'),
(197, NULL, 'Membuat/menyiapkan bahan paparan', 30, '1'),
(198, NULL, 'Membuat/menyiapkan bahan paparan .', 60, '1'),
(199, NULL, 'Membuat/menyiapkan bahan paparan', 120, '1'),
(200, NULL, 'Menerima pendaftaran', 5, '1'),
(201, NULL, 'Menerima pendaftaran', 15, '1'),
(202, NULL, 'Narator pertunjukan teater bintang', 60, '0'),
(203, NULL, 'Mempersiapkan operasional pertunjukan', 30, '1'),
(204, NULL, 'Mengoperasikan pertunjukan (teater)', 60, '0'),
(205, NULL, 'Membuat sambutan/pidato pejabat', 15, '1'),
(206, NULL, 'Membuat sambutan/pidato pejabat', 30, '1'),
(207, NULL, 'Meliput acara', 60, '1'),
(208, NULL, 'Mendokumentasikan kegiatan (per kegiatan)', 15, '1'),
(209, NULL, 'Mendokumentasikan kegiatan (per kegiatan)', 30, '1'),
(210, NULL, 'Mendokumentasikan dokumen penting.', 5, '1'),
(211, NULL, 'Mendokumentasikan dokumen penting', 15, '1'),
(212, NULL, 'Melakukan dokumentasi kegiatan seperti pengambilan gambar dan cetak gambar', 10, '1'),
(213, NULL, 'Mengumpulkan dan mengedit artikel/media foto/video/audio untuk publikasi', 30, '0'),
(214, NULL, 'Mengumpulkan dan mengedit artikel untuk publikasi', 60, '0'),
(215, NULL, 'Menjadi petugas upacara/ apel', 30, '0'),
(216, NULL, 'Menjadi petugas upacara/apel', 60, '0'),
(217, NULL, 'Melaksanakan/mengikuti kegiatan apel/upacara', 60, '1'),
(218, NULL, 'Melaksanakan/mengikuti kegiatan apel/upacara', 90, '1'),
(219, NULL, 'Mengikuti tes kompetensi', 180, '1'),
(220, NULL, 'Mengikuti tes kompetensi', 120, '1'),
(221, NULL, 'Monitoring kegiatan', 30, '0'),
(222, NULL, 'Monitoring kegiatan', 60, '0'),
(223, NULL, 'Monitoring kegiatan', 90, '0'),
(224, NULL, 'Monitoring kegiatan', 120, '0'),
(225, NULL, 'Menghubungi keluarga anak asuh dalam rangka konsultasi dan monitoring perkembangan anak asuh', 10, '1'),
(226, NULL, 'Monitoring CCTV lalu lintas melalui ruang pusat kendali lalu lintas ITS', 30, '0'),
(227, NULL, 'Mengontrol keamanan gedung dan lingkungan kantor pada siang/malam hari', 30, '0'),
(228, NULL, 'Mengontrol keamanan gedung dan lingkungan kantor pada siang/malam hari', 60, '0'),
(229, NULL, 'Mengontrol keamanan gedung dan lingkungan kantor pada siang/malam hari', 90, '0'),
(230, NULL, 'Mengawasi pengolahan sampah', 60, '1'),
(231, NULL, 'Mengawasi pengolahan sampah', 30, '1'),
(232, NULL, 'Meneliti dan memverifikasi RICA/ DPA', 30, '1'),
(233, NULL, 'Meneliti dan memverifikasi RKA/DPA', 60, '1'),
(234, NULL, 'Meneliti dan memverifikasi RICA/ D PA', 90, '1'),
(235, NULL, 'Meneliti surat usulan penyampaian data belanja pegawai SKPD dalam rangka penyusunan APBD/APBD-P', 30, '1'),
(236, NULL, 'Membuka/menutup rincian kegiatan SKPD/UKPD dalam sistem informasi', 5, '1'),
(237, NULL, 'Meneliti dan memverifikasi Standar Satuan Harga (SSH) /kode rekening', 5, '1'),
(238, NULL, 'Meneliti dan memverifikasi Standar Satuan Harga (SSH) /kode rekening', 10, '1'),
(239, NULL, 'Meneliti dan memverifikasi Standar Satuan Harga (SSH) /kode rekening', 20, '1'),
(240, NULL, 'Meneliti dan memverifikasi Standar Satuan Harga (SSH) /kode rekening', 30, '1'),
(241, NULL, 'Mengidentifikasi dan memverifikasi data', 5, '1'),
(242, NULL, 'Mengidentifikasi dan memverifikasi data', 15, '1'),
(243, NULL, 'Mengidentifikasi dan memverifikasi data', 30, '1'),
(244, NULL, 'Melakukan verifikasi gambar perencanaan', 30, '1'),
(245, NULL, 'Melakukan verifikasi gambar perencanaan', 60, '1'),
(246, NULL, 'Melakukan verifikasi dan validasi', 15, '1'),
(247, NULL, 'Melakukan verifikasi dan validasi', 30, '1'),
(248, NULL, 'Melakukan verifikasi dan validasi', 60, '1'),
(249, NULL, 'Memverifikasi penatausahaan keuangan oleh bendahara dan PPK SKPD', 20, '1'),
(250, NULL, 'Memverifikasi usulan Standar Satuan Harga (SSH)/Analisis Standar Biaya (ASB) (per 2 SSH)', 10, '1'),
(251, NULL, 'Verifikasi dokumen kontrak pengadaan barang/jasa', 30, '0'),
(252, NULL, 'Verifikasi dokumen kontrak pengadaan -barang/jasa', 60, '0'),
(253, NULL, 'Verifikasi dokumen kontrak pengadaan barang/jasa', 90, '0'),
(254, NULL, 'Verifikasi Surat Pertanggungjawaban (SPJ)', 15, '0'),
(255, NULL, 'Verifikasi Surat Pertanggungjawaban (SPJ)', 30, '0'),
(256, NULL, 'Verifikasi Surat Pertanggungjawaban (SPJ)', 60, '0'),
(257, NULL, 'Memverifikasi Penetapan Angka Kredit (PAK) Jabatan Fungsional Tertentu', 15, '1'),
(258, NULL, 'Memverifikasi Penetapan Angka Kredit (PAK) Jabatan Fungsional Tertentu', 30, '1'),
(259, NULL, 'Memverifikasi Penetapan Angka Kredit (PAK) Jabatan Fungsional Tertentu', 60, '1'),
(260, NULL, 'Verifikasi Surat Perintah Pembayaran (SPP)', 15, '0'),
(261, NULL, 'Verifikasi Surat Perintah Pembayaran (SPP)', 30, '0'),
(262, NULL, 'Verifikasi Buku Kas Umum (BKU) dan Buku Pembantu Lainnya', 30, '0'),
(263, NULL, 'Verifikasi Buku Kas Umum (BKU) dan Buku Pembantu Lainnya', 60, '0'),
(264, NULL, 'Verifikasi Daftar Gaji/Daftar TKD/Daftar tunjangan lainnya', 15, '0'),
(265, NULL, 'Verifikasi Daftar Gaji/Daftar TKD/Daftar tunjangan lainnya', 30, '0'),
(266, NULL, 'Verifikasi Daftar Gaji/ Daftar TKD/ Daftar tunjangan lainnya', 60, '0'),
(267, NULL, 'Melakukan validasi/verifikasi nama jabatan SKPD/UKPD', 60, '1'),
(268, NULL, 'Melakukan validasi/verifikasi nama jabatan SKPD/UKPD', 90, '1'),
(269, NULL, 'Melakukan validasi/verifikasi Analisa Jabatan/Analisa Beban Kerj a/ Evaluasi Jabatan SKPD /UKPD', 60, '1'),
(270, NULL, 'Melakukan validasi/verifikasi Analisa Jabatan/Analisa Beban Kerj a/ Evaluasi Jabatan SKPD /UKPD', 90, '1'),
(271, NULL, 'Meneliti dan memverifikasi Analisis Standar Biaya (ASB)/Harga Satuan Pokok Kegiatan (HSPK)', 30, '1'),
(272, NULL, 'Meneliti dan memverifikasi Analisis Standar Biaya (ASB)/Harga Satuan Pokok Kegiatan (HSPK)', 60, '1'),
(273, NULL, 'Meneliti dan memverifikasi Analisis Standar Biaya (ASB)/Harga Satuan Pokok Kegiatan (HSPK)', 90, '1'),
(274, NULL, 'Melakukan validasi/verifikasi Kelas Jabatan/Nama Jabatan/Formasi Jabatan', 30, '1'),
(275, NULL, 'Melakukan validasi/verifikasi Kelas Jabatan/NamaJabatan/Formasi Jabatan', 60, '1'),
(276, NULL, 'Memverifikasi usulan masyarakat hasil Musrenbang Kecamatan  melalui website e-Musrenbang DKI', 30, '1'),
(277, NULL, 'Melaksanakan Verifikasi (per berkas)', 5, '1'),
(278, NULL, 'Melaksanakan Verifikasi (per berkas)', 15, '1'),
(279, NULL, 'Melaksanakan Verifikasi (per berkas)', 30, '1'),
(280, NULL, 'Melaksanakan Verifikasi (per berkas)', 60, '1'),
(281, NULL, 'Mengoreksi hasil tes peserta pelatihan', 30, '0'),
(282, NULL, 'Mengoreksi hasil tes peserta pelatihan', 60, '0'),
(283, NULL, 'Membuat/menyusun Standar Operasional Prosedur (SOP)', 30, '1'),
(284, NULL, 'Membuat/menyusun Standar Operasional Prosedur (SOP)', 60, '1'),
(285, NULL, 'Membuat/menyusun Standar Operasional Prosedur (SOP)', 180, '1'),
(286, NULL, 'Menyusun dan mengerjakan SPJ Langsung (LS) per paket', 30, '0'),
(287, NULL, 'Menyusun dan mengerjakan SPJ Langsung (LS) per paket', 60, '0'),
(288, NULL, 'Menyusun data laporan jurnal SPJ', 30, '0'),
(289, NULL, 'Penyelesaian dokumen pertanggungjawaban belanja (SPJ)', 30, '0'),
(290, NULL, 'Penyelesaian dokumen pertanggungjawaban belanja (SPJ)', 60, '0'),
(291, NULL, 'Menerima dan menyortir bukti-bukti pengeluaran dan penerimaan serta Buku Kas', 15, '1'),
(292, NULL, 'Meneliti dan mencocokan bukti-bukti pengeluaran dan penerimaan dengan laporan realisasi keuangan dan Buku Kas', 15, '1'),
(293, NULL, 'Membuat Penatausahaan Keuangan oleh bendahara dan PPK SKPD', 15, '1'),
(294, NULL, 'Membuat SPM', 15, '1'),
(295, NULL, 'Mencatat BKU (per transaksi)', 2, '1'),
(296, NULL, 'Menyusun Laporan Pertanggungjawaban Keuangan (bendahara pengeluaran)', 30, '0'),
(297, NULL, 'Membuat SPT Pajak Tahunan Pegawai', 10, '1'),
(298, NULL, 'Menyusun data setoran SP2D Langsung (LS)', 60, '0'),
(299, NULL, 'Menyusun data setoran SP2D Langsung (LS)', 120, '0'),
(300, NULL, 'Menyusun data setoran SP2D Langsung (LS)', 300, '0'),
(301, NULL, 'Menyusun data setoran SP2D Uang Persediaan (UP)', 60, '0'),
(302, NULL, 'Menyusun data setoran SP2D Uang Persediaan (UP)', 120, '0'),
(303, NULL, 'Menyusun data setoran SP2D Uang Persediaan (UP)', 300, '0'),
(304, NULL, 'Menginventarisir daftar pajak terutang', 30, '1'),
(305, NULL, 'Menginventarisir daftar pajak terutang', 60, '1'),
(306, NULL, 'Menyusun daftar pajak terutang beserta fotokopi SSP', 60, '0'),
(307, NULL, 'Pencairan SPM ke kantor kas daerah', 60, '0'),
(308, NULL, 'Menyusun laporan jurnal SP2D', 30, '0'),
(309, NULL, 'Menyusun laporan jurnal SP2D', 60, '0'),
(310, NULL, 'Mengumpulkan laporan keuangan', 30, '0'),
(311, NULL, 'Melakukan penjilidan dan pendistribusian laporan keuangan', 60, '1'),
(312, NULL, 'Mendistribusikan hasil audit BPK (temuan sementara dan jurnal)', 60, '1'),
(313, NULL, 'Membuat Surat Perintah Pencairan (SPP)', 30, '1'),
(314, NULL, 'Membuat Surat Setoran Pajak (SSP)', 10, '1'),
(315, NULL, 'Membuat Surat Tanda Setoran (STS)', 10, '1'),
(316, NULL, 'Membuat Surat Penyediaan Dana (SPD)', 30, '1'),
(317, NULL, 'Memverifikasi/ meneliti/memvalidasi/ memaraf dokumen terkait penerbitan Surat Penyediaan Dana (SPD)', 5, '1'),
(318, NULL, 'Memverifikasi/meneliti/memvalidasi/memaraf dokumen terkait penerbitan Surat Penyediaan Dana (SPD)', 10, '1'),
(319, NULL, 'Memverifikasi/meneliti/memvalidasi/memaraf dokumen terkait penerbitan Surat Penyediaan Dana (SPD)', 15, '1'),
(320, NULL, 'Memposting data usulan komponen/kode rekening SKPD/UKPD (per 10 item)', 15, '1'),
(321, NULL, 'Mencatat dan Membukukan Buku Kas Umum (BKU) dan Buku Pembantu Lainnya', 5, '1'),
(322, NULL, 'Meneliti Laporan Keuangan', 60, '1'),
(323, NULL, 'Meneliti Laporan Keuangan', 120, '1'),
(324, NULL, 'Meneliti Laporan Keuangan', 180, '1'),
(325, NULL, 'Review Laporan Keuangan', 60, '0'),
(326, NULL, 'Review Laporan Keuangan', 120, '0'),
(327, NULL, 'Review Laporan Keuangan', 180, '0'),
(328, NULL, 'Mepgestimasi Pendapatan (per tagihan)', 15, '0'),
(329, NULL, 'Mengestimasi Pendapatan (per tagihan)', 15, '1'),
(330, NULL, 'Menginventarisir pendapatan jasa giro', 30, '1'),
(331, NULL, 'Menyusun laporan pendapatan jasa giro', 30, '0'),
(332, NULL, 'Menyusun data rekonsiliasi belanja', 60, '0'),
(333, NULL, 'Menyusun data rekonsiliasi belanja', 120, '0'),
(334, NULL, 'Menyusun data rekonsiliasi belanja', 180, '0'),
(335, NULL, 'Melakukan rekonsiliasi Laporan Keuangan', 30, '1'),
(336, NULL, 'Melakukan rekonsiliasi Laporan Keuangan', 60, '1'),
(337, NULL, 'Melakukan rekonsiliasi Laporan Keuangan', 120, '1'),
(338, NULL, 'Menyusun draft Neraca', 60, '0'),
(339, NULL, 'Menyusun draft Neraca', 120, '0'),
(340, NULL, 'Menyusun draft Laporan Realisasi Anggaran (LRA)', 60, '0'),
(341, NULL, 'Menyusun draft Laporan Realisasi Anggaran (LRA)', 120, '0'),
(342, NULL, 'Menyusun draft Catatan atas Laporan Keuangan (CaLK)', 60, '0'),
(343, NULL, 'Menyusun draft Catatan atas Laporan Keuangan (CaLK)', 120, '0'),
(344, NULL, 'Melakukan pencairan SP2D', 30, '1'),
(345, NULL, 'Mencatat transaksi pembayaran via Bendahara Pengeluaran Pembantu', 30, '1'),
(346, NULL, 'Menyusun laporan keuangan SKPD', 60, '0'),
(347, NULL, 'Menyusun laporan keuangan SKPD', 120, '0'),
(348, NULL, 'Menyusun laporan keuangan SKPD', 180, '0'),
(349, NULL, 'Menyetorkan Surat Tanda Setoran Langsung/Uang Persediaan/Ganti Uang/Tambah Uang (STS- LS/UP/GU/TU)', 60, '0'),
(350, NULL, 'Melaksanakan Transaksi Pembayaran ke Pihak Ketiga', 30, '1'),
(351, NULL, 'Memvalidasi dokumen Surat Permintaan Pembayaran (SPP) dan Laporan Keuangan', 60, '1'),
(352, NULL, 'Memvalidasi dokumen Surat Permintaan Pembayaran (SPP) dan Laporan Keuangan', 180, '1'),
(353, NULL, 'Memvalidasi dokumen Surat Permintaan Pembayaran (SPP) dan Laporan Keuangan', 120, '1'),
(354, NULL, 'Menyusun Nota Keuangan', 180, '0'),
(355, NULL, 'Menyusun Nota Keuangan', 120, '0'),
(356, NULL, 'Membuat laporan Realisasi Keuangan', 120, '1'),
(357, NULL, 'Membuat dan melaporkan SPT kepada Kantor Pelayanan Pajak', 30, '1'),
(358, NULL, 'Membuat dan melaporkan SPT kepada Kantor Pelayanan Pajak', 60, '1'),
(359, NULL, 'Menghimpun, mencocokan dan meneliti tagihan penyediaan jasa TALI dan IPAL', 30, '1'),
(360, NULL, 'Memungut dan menyetorkan Pajak yang ditarik dan Pihak Ketiga ke Kantor Pajak', 60, '1'),
(361, NULL, 'Menyusun laporan tutup buku', 120, '0'),
(362, NULL, 'Menyusun laporan tutup buku', 180, '0'),
(363, NULL, 'Menginput jurnal SPJ/SP2D ke aplikasi LPJ SIPKD BPKD Provinsi DKI Jakarta', 15, '1'),
(364, NULL, 'Menginput jurnal SPJ/SP2D ke aplikasi LPJ SIPKD BPKD Provinsi DKI Jakarta', 30, '1'),
(365, NULL, 'Menginput jurnal SPJ/ SP2D ke aplikasi LPJ SIPKD BPKD Provinsi DKI Jakarta', 60, '1'),
(366, NULL, 'Menginput jurnal SPJ/SP2D ke aplikasi LPJ SIPKD BPKD Provinsi DKI Jakarta', 120, '1'),
(367, NULL, 'Melakukan rekonsiliasi', 15, '1'),
(368, NULL, 'Melakukan rekonsiliasi', 30, '1'),
(369, NULL, 'Melakukan rekonsiliasi', 60, '1'),
(370, NULL, 'Membuat rancangan Peraturan Daerah', 120, '1'),
(371, NULL, 'Membuat rancangan Peraturan Daerah', 180, '1'),
(372, NULL, 'Membuat rancangan Peraturan Daerah .', 240, '1'),
(373, NULL, 'Membuat rancangan Peraturan Gubernur', 60, '1'),
(374, NULL, 'Membuat rancangan Peraturan Gubernur', 120, '1'),
(375, NULL, 'Membuat rancangan Peraturan Gubernur', 180, '1'),
(376, NULL, 'Menganalisis/Validasi Perbal Naskah Dinas', 30, '1'),
(377, NULL, 'Menganalisis/Validasi Perbal Naskah Dinas', 60, '1'),
(378, NULL, 'Menganalisis/Validasi Perbal Naskah Dinas', 120, '1'),
(379, NULL, 'Membuat Rancangan Keputusan Gubernur', 30, '1'),
(380, NULL, 'Membuat Rancangan Keputusan Gubernur', 60, '1'),
(381, NULL, 'Membuat Rancangan Keputusan Gubernur', 120, '1'),
(382, NULL, 'Membuat Instruksi Gubernur', 30, '1'),
(383, NULL, 'Membuat Instruksi Gubernur', 60, '1'),
(384, NULL, 'Membuat Instruksi Gubernur', 90, '1'),
(385, NULL, 'Mempelajari/membuat resume peraturan', 60, '1'),
(386, NULL, 'Membuat perbal Peraturan Gubernur', 15, '1'),
(387, NULL, 'Memaraf Perbal', 2, '1'),
(388, NULL, 'Memaraf Perbal', 5, '1'),
(389, NULL, 'Membuat perbaikan/koreksi Peraturan Perundang-undangan', 30, '1'),
(390, NULL, 'Membuat perbaikan/koreksi Peraturan Perundang-undangan', 60, '1'),
(391, NULL, 'Membuat perbaikan/koreksi Peraturan Perundang-undangan', 120, '1'),
(392, NULL, 'Menyusun bahan pembahasan rancangan Kebijakan', 60, '0'),
(393, NULL, 'Menyusun bahan pembahasan rancangan Kebijakan', 120, '0'),
(394, NULL, 'Menyusun Naskah Akademis', 60, '0'),
(395, NULL, 'Menyusun Naskah Akademis', 120, '0'),
(396, NULL, 'Melaksanakan/melakukan Survei/tinjauan lapangan (per lokasi)', 60, '1'),
(397, NULL, 'Melaksanakan/melakukan Survei/tinjauan lapangan (per lokasi)', 120, '1'),
(398, NULL, 'Melaksanakan/melakukan Survei/tinjauan lapangan (per lokasi)', 180, '1'),
(399, NULL, 'Penelitian berkas permohonan perizinan (per aplikasi pengajuan)', 5, '0'),
(400, NULL, 'Penelitian berkas permohonan perizinan (per aplikasi pengajuan)', 15, '0'),
(401, NULL, 'Penelitian berkas permohonan perizinan (per aplikasi pengajuan)', 30, '0'),
(402, NULL, 'Penelitian berkas permohonan perizinan (per aplikasi pengajuan)', 60, '0'),
(403, NULL, 'Memberikan informasi terkait hasil verifikasi berkas perizinan dan non perizinan', 5, '1'),
(404, NULL, 'Penelitian berkas permohonan perizinan (teknis)', 0, '0'),
(405, NULL, 'Penelitian berkas permohonan perizinan (teknis)', 10, '0'),
(406, NULL, 'Penelitian berkas permohonan perizinan (teknis)', 15, '0'),
(407, NULL, 'Memberikan informasi status proses berkas perizinan dan non nerizinan', 5, '1'),
(408, NULL, 'Wawancara teknis terhadap pelaku teknis bangunan untuk proses permohonan IPTB baru/perpanjangan', 30, '0'),
(409, NULL, 'Penandatanganan Berkas Perizinan dan Non Perizinan', 5, '0'),
(410, NULL, 'Menyusun Formasi Jabatan Pelaksana/Fungsional', 30, '0'),
(411, NULL, 'Menyusun Formasi Jabatan Pelaksana/Fungsional', 60, '0'),
(412, NULL, 'Menyusun Kebutuhan Formasi PNS', 30, '0'),
(413, NULL, 'Menyusun Kebutuhan Formasi PNS', 60, '0'),
(414, NULL, 'Menyusun Kebutuhan Formasi PNS', 120, '0'),
(415, NULL, 'Menganalisa formasi Izin Belajar/Tugas Belajar', 15, '1'),
(416, NULL, 'Menganalisa formasi Izin Belajar/Tugas Belajar', 30, '1'),
(417, NULL, 'Menyusun rincian usulan Formasi kebutuhan pegawai', 120, '0'),
(418, NULL, 'Menyusun rincian usulan Formasi kebutuhan pegawai', 180, '0'),
(419, NULL, 'Melakukan pendampingan sidak (per lokasi sidak)', 60, '1'),
(420, NULL, 'Melakukan pendampingan sidak (per lokasi sidak)', 120, '1'),
(421, NULL, 'Melakukan inspeksi', 30, '1'),
(422, NULL, 'Melakukan inspeksi', 60, '1'),
(423, NULL, 'Melakukan inspeksi', 120, '1'),
(424, NULL, 'Melakukan pemeriksaan terhadap alat-alat bukti', 10, '1'),
(425, NULL, 'Melakukan pemeriksaan berdasarkan temuan, aduan, tangkap tangan', 60, '1'),
(426, NULL, 'Melakukan pemeriksaan berdasarkan temuan, aduan, tangkap tangan', 120, '1'),
(427, NULL, 'Pemeriksaan/pengawasan terhadap konstruksi/bangunan', 120, '0'),
(428, NULL, 'Pemeriksaan/pengawasan terhadap konstruksi/bangunan', 180, '0'),
(429, NULL, 'Pemeriksaan gambar pelaksanaan bangunan/shop drawing/as built drawing (Per Gambar)', 30, '0'),
(430, NULL, 'Pemeriksaan gambar pelaksanaan bangunan/ shop drawing/ as built drawing (Per Gambar)', 60, '0'),
(431, NULL, 'Melakukan Pengawasan dan Audit', 60, '1'),
(432, NULL, 'Melakukan Pengawasan dan Audit', 120, '1'),
(433, NULL, 'Melakukan Pengawasan dan Audit', 180, '1'),
(434, NULL, 'Melaksanakan tugas-tugas pengawasan dengan kompleksitas rendah dalam kegiatan pemantauan', 120, '1'),
(435, NULL, 'Melaksanakan tugas-tugas pengawasan dengan kompleksitas rendah dalam kegiatan pemantauan', 240, '1'),
(436, NULL, 'Melaksanakan tugas-tugas pengawasan dengan kompleksitas sedang dalam kegiatan pemantauan', 120, '1'),
(437, NULL, 'Melaksanakan tugas-tugas pengawasan dengan kompleksitas sedang dalam kegiatan pemantauan', 240, '1'),
(438, NULL, 'Melakukan pengawasan', 15, '1'),
(439, NULL, 'Melakukan pengawasan', 30, '1'),
(440, NULL, 'Melakukan pengawasan', 60, '1'),
(441, NULL, 'Melakukan pengawasan', 120, '1'),
(442, NULL, 'Melakukan pemerikasaan dan pengawasan', 60, '1'),
(443, NULL, 'Melakukan pemerikasaan dan pengawasan', 120, '1'),
(444, NULL, 'Melaksanakan penyidikan (per hari per kasus)', 60, '1'),
(445, NULL, 'Melaksanakan penyidikan (per hari per kasus)', 120, '1'),
(446, NULL, 'Membuat konsep expose', 30, '1'),
(447, NULL, 'Membuat konsep expose', 60, '1'),
(448, NULL, 'Pelaporan dan pertanggungjawaban pelaksanaan tugas dan fungsi Inspektorat Pembantu', 120, '0'),
(449, NULL, 'Pelaporan dan pertanggungjawaban pelaksanaan tugas dan fungsi Inspektorat Pembantu', 180, '0'),
(450, NULL, 'Pelaporan dan pertanggungjawaban pelaksanaan tugas dan fungsi Inspektorat Pembantu', 240, '0'),
(451, NULL, 'Melaksanakan penanganan keadaan darurat', 30, '1'),
(452, NULL, 'Melaksanakan penanganan keadaan darurat', 60, '1'),
(453, NULL, 'Melaksanakan penanganan keadaan darurat', 120, '1'),
(454, NULL, 'Melaksanakan penanganan keadaan darurat', 180, '1'),
(455, NULL, 'Melakukan pemeriksaan objek pasca bencana (banjir, kebakaran,gempa, dll)', 180, '1'),
(456, NULL, 'Melakukan pemeriksaan objek pasca bencana (banjir, kebakaran, gempa, dll)', 120, '1'),
(457, NULL, 'Melaksanakan tugas bantuan kesehatan lapangan seperti pada situasi gadar dan bencana', 180, '1'),
(458, NULL, 'Mengoperasikan sarana dan prasarana penanggulangan kedaruratan', 60, '0'),
(459, NULL, 'Melaksanakan Pendistribusian Logistik.dan Penanganan Kedaruratan', 60, '1'),
(460, NULL, 'Melakukan evakuasi penyelamatan', 120, '1'),
(461, NULL, 'Melakukan evakuasi penyelamatan', 60, '1'),
(462, NULL, 'Melaksanakan deteksi dini (per lokasi)', 60, '1'),
(463, NULL, 'Melakukan deteksi', 60, '1'),
(464, NULL, 'Melakukan deteksi', 120, '1'),
(465, NULL, 'Melakukan evakuasi kegiatan emergency/kecelakaan terhadap sarana dan nrasarana lampu lalu lintas', 60, '1'),
(466, NULL, 'Membuat konsep MOU/perjanjian/kontrak', 30, '1'),
(467, NULL, 'Membuat konsep MOU/perjanjian/kontrak', 60, '1'),
(468, NULL, 'Membuat konsep MOU/perjanjian/kontrak', 120, '1'),
(469, NULL, 'Melaksanakan pemusnahan dokumen/barang (perdokumen / barang)', 15, '1'),
(470, NULL, 'Melaksanakan pemusnahan dokumen/barang (perdokumen/ barang)', 30, '1'),
(471, NULL, 'Melaksanakan pemusnahan dokumen/barang (perdokumen/barang)', 60, '1'),
(472, NULL, 'Menghitung pemakaian barang habis pakai', 30, '1'),
(473, NULL, 'Menghitung pemakaian barang habis pakai', 60, '1'),
(474, NULL, 'Penyusunan Dokumen Rencana Kebutuhan Barang/Jasa', 60, '0'),
(475, NULL, 'Penyusunan Dokumen Rencana Kebutuhan Barang/Jasa', 120, '0'),
(476, NULL, 'Melakukan analisa dalam proses pengadaan Barang/Jasa', 60, '1'),
(477, NULL, 'Melakukan analisa dalam proses pengadaan Barang/Jasa', 120, '1'),
(478, NULL, 'Penyusunan RAB/HPS dalam Pengadaan Barang/Jasa', 60, '0'),
(479, NULL, 'Penjrusunan RAB/HPS dalam Pengadaan Barang/Jasa', 120, '0'),
(480, NULL, 'Penyusunan Rencana Pemaketan Pekerjaan Pengadaan Barang/Jasa', 60, '0'),
(481, NULL, 'Penyusunan Rencana Pemaketan Pekerjaan Pengadaan Barang/Jasa', 120, '0'),
(482, NULL, 'Membuat pengumuman dan upload dokumen rencana umum pengadaan Barang/Jasa (per kegiatan)', 15, '1'),
(483, NULL, 'Penyusunan Rencana Pelaksanaan Pengadaan Barang/Jasa (per kegiatan)', 60, '0'),
(484, NULL, 'Penyusunan Rencana Pelaksanaan Pengadaan Barang/Jasa (perkegiatan)', 120, '0'),
(485, NULL, 'Melakukan penilaian dalam proses pengadaan barang/jasa', 60, '1'),
(486, NULL, 'Klarifikasi dan Negosiasi Penawaran Penyedia Barang/Jasa', 30, '1'),
(487, NULL, 'Klarifikasi dan Negosiasi Penawaran Penyedia Barang/Jasa', 60, '1'),
(488, NULL, 'Membuat Penetapan/penunjukan Penyedia barang/Jasa', 15, '1'),
(489, NULL, 'Membuat Penetapan/penunjukan Penyedia barang/Jasa', 30, '1'),
(490, NULL, 'Membuat penetapan terhadap pemutusan pelaksanaan Pengadaan Barang/Jasa', 30, '1'),
(491, NULL, 'Membuat penetapan terhadap pemutusan pelaksanaan Pengadaan Barang/Jasa', 60, '1'),
(492, NULL, 'Penerimaan Hasil Pengadaan Barang/Jasa', 30, '0'),
(493, NULL, 'Penerimaan Hasil Pengadaan Barang/Jasa', 60, '0'),
(494, NULL, 'Penyusunan Harga Perkiraan Sendiri (HPS) Barang/Jasa', 15, '0'),
(495, NULL, 'Penyusunan Harga Perkiraan Sendiri (HPS) Barang/Jasa', 30, '0'),
(496, NULL, 'Evaluasi Dokumen Kualifikasi Pengadaan Barang/Jasa (termasuk lelang ulang)', 60, '1'),
(497, NULL, 'Evaluasi Dokumen Kualifikasi Pengadaan Barang/Jasa (termasuk lelang ulang)', 90, '1'),
(498, NULL, 'Evaluasi Dokumen Kualifikasi Pengadaan Barang/Jasa (termasuk lelang ulang)', 120, '1'),
(499, NULL, 'Menerima/memeriksa jumlah dan jenis barang/hasil pekerjaan', 90, '1'),
(500, NULL, 'Menerima/memeriksa jumlah dan jenis barang/hasil pekerjaan', 60, '1'),
(501, NULL, 'Melakukan pemeriksaan barang/dokumen/berkas', 3, '1'),
(502, NULL, 'Melakukan pemeriksaan barang/dokumen/berkas', 5, '1'),
(503, NULL, 'Menyusun rencana kebutuhan', 15, '0'),
(504, NULL, 'Menyusun rencana kebutuhan', 30, '0'),
(505, NULL, 'Meneliti Berita Acara Serah Terima (BAST)', 15, '1'),
(506, NULL, 'Meneliti Berita Acara Serah Terima (BAST)', 30, '1'),
(507, NULL, 'Melaksanakan/mengikuti sosialisasi tingkat kota/provinsi/nasional', 120, '1'),
(508, NULL, 'Melaksanakan/mengikuti sosialisasi tingkat kota/provinsi/nasional', 180, '1'),
(509, NULL, 'Melaksanakan/mengikuti sosialisasi tingkat kota/provinsi/nasional', 240, '1'),
(510, NULL, 'Melaksanakan/mengikuti sosialisasi tingkat kota/provinsi/nasional', 300, '1'),
(511, NULL, 'Mengikuti pelatihan/ so sialis asi/ pendidikan', 60, '1'),
(512, NULL, 'Mengikuti pelatihan/sosialisasi/pendidikan', 120, '1'),
(513, NULL, 'Mengikuti pelatihan/sosialisasi/pendidikan', 180, '1'),
(514, NULL, 'Mengikuti pelatihan/ sosialisasi/ pendidikan', 240, '1'),
(515, NULL, 'Mengikuti pelatihan/sosialisasi/pendidikan', 300, '1'),
(516, NULL, 'Melaksanakan tindakan medis terhadap satwa (per hewan)', 30, '1'),
(517, NULL, 'Melaksanakan tindakan medis terhadap satwa (per hewan)', 60, '1'),
(518, NULL, 'Melaksanakan tindakan medis terhadap satwa (per hewan)', 120, '1'),
(519, NULL, 'Melakukan pemeliharaan kandang (per lokasi)', 30, '1'),
(520, NULL, 'Melakukan pemeliharaan kandang (per lokasi)', 60, '1'),
(521, NULL, 'Melakukan pemeliharaan kandang (per lokasi)', 120, '1'),
(522, NULL, 'Merawat satwa (per hewan)', 30, '0'),
(523, NULL, 'Merawat satwa (per hewan)', 60, '0'),
(524, NULL, 'Meracik pakan satwa', 45, '0'),
(525, NULL, 'Mengurus perizinan keluar masuk satwa', 90, '0'),
(526, NULL, 'Memandu atraksi satwa', 30, '1'),
(527, NULL, 'Melatih satwa', 30, '1'),
(528, NULL, 'Menerima satwa yang baru datang/sakit', 30, '1'),
(529, NULL, 'Melaksanakan pelayanan penanganan satwa liar', 180, '1'),
(530, NULL, 'Melaksanakan pelayanan penanganan satwa liar', 120, '1'),
(531, NULL, 'Mengawasi pelaksanaan karantina satwa', 60, '1'),
(532, NULL, 'Melaksanakan sanitasi kandang (perkandang)', 30, '1'),
(533, NULL, 'Membuat atau memperbaiki pengkayaan kandang (enrichment)', 60, '1'),
(534, NULL, 'Melaksanakan/Melayani Konsultasi Individu/kelompok', 10, '1'),
(535, NULL, 'Melaksanakan/Melayani Konsultasi Individu/kelompok', 30, '1'),
(536, NULL, 'Melaksanakan/Melayani Konsultasi Individu/kelompok', 60, '1'),
(537, NULL, 'Melaksanakan/Melayani Konsultasi SKPD/UKPD', 15, '1'),
(538, NULL, 'Melaksanakan/Melayani Konsultasi SKPD/UKPD', 30, '1'),
(539, NULL, 'Melaksanakan/Melayani Konsultasi SKPD/UKPD', 60, '1'),
(540, NULL, 'Menanam pohon/tumbuhan/bibit (per lokasi)', 30, '1'),
(541, NULL, 'Menanam pohon/tumbuhan/bibit (per lokasi)', 60, '1'),
(542, NULL, 'Menanam pohon/tumbuhan/bibit (per lokasi)', 120, '1'),
(543, NULL, 'Melaksanakan panen tanaman (per lokasi)', 30, '1'),
(544, NULL, 'Melaksanakan panen tanaman (per lokasi)', 60, '1'),
(545, NULL, 'Melaksanakan pembibitan tanaman (per lokasi)', 60, '1'),
(546, NULL, 'Melaksanakan pembibitan tanaman (per lokasi)', 30, '1'),
(547, NULL, 'Melaksanakan pemeliharaan tanaman (per lokasi)', 60, '1'),
(548, NULL, 'Melaksanakan pemeliharaan tanaman (per lokasi)', 30, '1'),
(549, NULL, 'Pengendalian organisme pengganggu tanaman (OPT)', 60, '0'),
(550, NULL, 'Menginput Data/informasi (Per Kegiatan/Paket)', 5, '1'),
(551, NULL, 'Menginput Data/informasi (Per Kegiatan/Paket)', 10, '1'),
(552, NULL, 'Menginput Data/informasi (Per Kegiatan/Paket)', 15, '1'),
(553, NULL, 'Menginput Data/informasi (Per Kegiatan/Paket)', 30, '1'),
(554, NULL, 'Mengumpulkan data/berkas/dokumen', 5, '0'),
(555, NULL, 'Mengumpulkan data/ berkas/dokumen', 10, '0'),
(556, NULL, 'Mengumpulkan data/berkas/dokumen', 15, '0'),
(557, NULL, 'Mengumpulkan data/berkas/dokumen', 30, '0'),
(558, NULL, 'Mengolah data', 10, '0'),
(559, NULL, 'Mengolah data', 15, '0'),
(560, NULL, 'Mengolah data', 30, '0'),
(561, NULL, 'Mengolah data', 60, '0'),
(562, NULL, 'Mengolah data', 5, '0'),
(563, NULL, 'Meneliti data', 5, '1'),
(564, NULL, 'Meneliti data', 10, '1'),
(565, NULL, 'Meneliti data', 15, '1'),
(566, NULL, 'Meneliti data', 30, '1'),
(567, NULL, 'Meneliti data', 60, '1'),
(568, NULL, 'Menyusun data/laporan', 15, '0'),
(569, NULL, 'Menyusun data/laporan', 30, '0'),
(570, NULL, 'Melakukan Up Date Data', 15, '1'),
(571, NULL, 'Melakukan Up Date Data', 30, '1'),
(572, NULL, 'Melakukan Up Date Data', 60, '1'),
(573, NULL, 'Mengolah/menyiapkan/menyajikan data', 15, '0'),
(574, NULL, 'Mengolah/menyiapkan/menyajikan data', 30, '0'),
(575, NULL, 'Membuat data kunjungan mancanegara', 30, '1'),
(576, NULL, 'Melakukan validasi data', 5, '1'),
(577, NULL, 'Melakukan validasi data', 15, '1'),
(578, NULL, 'Menyediakan data untuk Rapim Gubernur', 30, '0'),
(579, NULL, 'Menyediakan data untuk Rapim Gubernur', 60, '0'),
(580, NULL, 'Menginput data ke dalam sistem', 5, '1'),
(581, NULL, 'Menginput data ke dalam sistem', 15, '1'),
(582, NULL, 'Menginput data ke dalam sistem', 30, '1'),
(583, NULL, 'Membuat rekapitulasi data', 30, '1'),
(584, NULL, 'Membuat rekapitulasi data', 60, '1'),
(585, NULL, 'Membuat rekapitulasi data', 120, '1'),
(586, NULL, 'Melakukan pendataan', 30, '1'),
(587, NULL, 'Melakukan pendataan', 60, '1'),
(588, NULL, 'Melakukan pendataan', 90, '1'),
(589, NULL, 'Melakukan pendataan', 120, '1'),
(590, NULL, 'Registrasi data pencari kerja', 5, '0'),
(591, NULL, 'Mengumpulkan Berkas/Dokumen', 15, '0'),
(592, NULL, 'Mengumpulkan Berkas/Dokumen', 30, '0'),
(593, NULL, 'Menyusun Dokumen', 5, '0'),
(594, NULL, 'Menyusun Dokumen', 10, '0'),
(595, NULL, 'Menyusun Dokumen', 15, '0'),
(596, NULL, 'Mengupload Data/Artikel Kedalam Sistem Informasi', 15, '0'),
(597, NULL, 'Mengupload Data/Artikel Kedalam Sistem Informasi', 30, '0'),
(598, NULL, 'Input Keterangan Absensi Pegawai Melalui Media Elektronik (PerHari)', 15, '1'),
(599, NULL, 'Input Keterangan Absensi Pegawai Melalui Media Elektronik (PerHari)', 30, '1'),
(600, NULL, 'Melakukan Perawatan Benda Cagar Budaya/Benda Seni', 30, '1'),
(601, NULL, 'Melakukan Perawatan Benda Cagar Budaya/Benda Seni', 60, '1'),
(602, NULL, 'Melakukan Pengujian Atas Analisa Data pada Benda Cagar Budaya/Benda Seni (Per Benda)', 30, '1'),
(603, NULL, 'Melakukan Pengujian Atas Analisa Data pada Benda Cagar Budaya/Benda Seni (Per Benda)', 60, '1'),
(604, NULL, 'Menempatkan Benda Cagar Budaya/Benda Seni (Per Benda)', 30, '1'),
(605, NULL, 'Menempatkan Benda Cagar Budaya/Benda Seni (Per Benda)', 60, '1'),
(606, NULL, 'Melakukan Laminasi Arsip', 10, '1'),
(607, NULL, 'Melakukan Digitalisasi Arsip (per file)', 15, '1'),
(608, NULL, 'Melakukan Digitalisasi Arsip (per file)', 30, '1'),
(609, NULL, 'Penyusutan Arsip', 5, '0'),
(610, NULL, 'Penyusutan Arsip', 15, '0'),
(611, NULL, 'Penyusutan Arsip', 30, '0'),
(612, NULL, 'Perekaman/Pemotretan Arsip Mikro Film', 30, '0'),
(613, NULL, 'Alih Media Indeksing dan Editing Arsip', 15, '1'),
(614, NULL, 'Alih Media Indeksing dan Editing Arsip', 30, '1'),
(615, NULL, 'Restorasi Perbaikan Arsip', 5, '0'),
(616, NULL, 'Menata Koleksi Bahan Pustaka', 30, '1'),
(617, NULL, 'Melakukan Seleksi Bahan Pustaka', 60, '1'),
(618, NULL, 'Melakukan Seleksi Bahan Pustaka', 90, '1'),
(619, NULL, 'Registrasi Koleksi KCKR (Karya Cetak dan Karya Rekam)', 30, '0'),
(620, NULL, 'Registrasi Koleksi KCKR (Karya Cetak dan Karya Rekam)', 60, '0'),
(621, NULL, 'Registrasi Koleksi KCKR (Karya Cetak dan Karya Rekam)', 90, '0'),
(622, NULL, 'Menata/Menyusun Arsip', 5, '1'),
(623, NULL, 'Menata/ Menyusun Arsip', 15, '1'),
(624, NULL, 'Menata/Menyusun Arsip', 60, '1'),
(625, NULL, 'Melaksanakan Layanan Perpustakaan Siswa', 30, '1'),
(626, NULL, 'Melaksanakan Layanan Perpustakaan Mobil Keliling', 120, '1'),
(627, NULL, 'Melaksanakan Layanan Perpustakaan Mobil Keliling', 180, '1'),
(628, NULL, 'Seleksi Bahan Perpustakaan', 10, '0'),
(629, NULL, 'Nomerator Bahan Perpustakaan (Per 5 Buku)', 5, '0'),
(630, NULL, 'Pengetikan Call Number Bahan Perpustakaan (Per 5 Buku)', 5, '0'),
(631, NULL, 'Pengecapan Identitas Bahan Perpustakaan. (Per 5 Buku)', 5, '0'),
(632, NULL, 'Melaksanakan Pemberantasan Sarang Nyamuk (PSN)', 60, '1'),
(633, NULL, 'Melaksanakan Pemberantasan Sarang Nyamuk (PSN)', 120, '1'),
(634, NULL, 'Menyusun Rencana Kegiatan/Anggaran', 30, '0'),
(635, NULL, 'Menyusun Rencana Kegiatan/Anggaran', 60, '0'),
(636, NULL, 'Menyusun Rencana Kegiatan/Anggaran', 120, '0'),
(637, NULL, 'Menyusun Jadwal Anggaran Per Kegiatan Dalam Aplikasi Sistem informasi ', 30, '0'),
(638, NULL, 'Menyusun Jadwal Anggaran Per Kegiatan Dalam Aplikasi Sistem informasi', 60, '0'),
(639, NULL, 'Supervisi Anggaran', 30, '0'),
(640, NULL, 'Supervisi Anggaran', 60, '0'),
(641, NULL, 'Supervisi Anggaran', 120, '0'),
(642, NULL, 'Menyusun Rancangan APBD/APBD-P', 60, '0'),
(643, NULL, 'Menyusun Rancangan APBD/APBD-P', 120, '0'),
(644, NULL, 'Pembahasan KUA-PPAS Bersama DPRD', 120, '0'),
(645, NULL, 'Pembahasan KUA-PPAS Bersama DPRD', 180, '0'),
(646, NULL, 'Pembahasan RAPBD/RAPBD-P dengan"DPRD', 120, '0'),
(647, NULL, 'Pembahasan RAPBD/RAPBD-P dengan DPRD', 180, '0'),
(648, NULL, 'Melaporkan dan mempertanggungjawabkan pengeluaran Anggaran APBD/APBN ke BPKD, Inspektorat dan Kementerian Keuangan', 30, '1'),
(649, NULL, 'Menyusun konsep rincian anggaran', 30, '0'),
(650, NULL, 'Menyusun konsep rincian anggaran', 60, '0'),
(651, NULL, 'Melakukan validasi Anggaran per kode rekening kegiatan', 10, '1'),
(652, NULL, 'Melakukan validasi Anggaran per kode rekening kegiatan', 20, '1'),
(653, NULL, 'Melakukan validasi Anggaran per kode rekening kegiatan', 30, '1'),
(654, NULL, 'Merevisi Rencana Kerja dan Anggaran per. kegiatan', 30, '0'),
(655, NULL, 'Menyusun tabel manual anggaran per kegiatan tahun anggaran', 60, '0'),
(656, NULL, 'Melakukan analisa usulan anggaran dan perubahan anggaran SKPD/UKPD', 90, '1'),
(657, NULL, 'Menghimpun usulan Rencana Kerja dan Anggaran', 60, '1'),
(658, NULL, 'Penginputan sisa mati anggaran', 30, '0'),
(659, NULL, 'Mengolah data perencanaan dan anggaran', 90, '0'),
(660, NULL, 'Pembahasan RAPBD/RAPBD-P dengan Pemerintah Pusat', 180, '0'),
(661, NULL, 'Menyusun RKA dan DPA', 60, '0'),
(662, NULL, 'Menyusun RKA dan DPA', 120, '0'),
(663, NULL, 'Penyusunan Dokumen KUA-PPAS', 120, '0'),
(664, NULL, 'Membuat laporan', 15, '1'),
(665, NULL, 'Membuat laporan', 30, '1'),
(666, NULL, 'Membuat laporan', 60, '1'),
(667, NULL, 'Membuat laporan', 120, '1'),
(668, NULL, 'Membuat laporan', 180, '1'),
(669, NULL, 'Membuat Laporan Penggunaan Barang Pakai Habis (ATK, Obat,Alkes)', 30, '1'),
(670, NULL, 'Meneliti laporan', 5, '1'),
(671, NULL, 'Meneliti laporan', 10, '1'),
(672, NULL, 'Meneliti laporan', 30, '1'),
(673, NULL, 'Menyiapkan Bahan laporan', 60, '0'),
(674, NULL, 'Menyiapkan Bahan laporan', 30, '0'),
(675, NULL, 'Melaporkan hasil kegiatan kepada pimpinan', 10, '1'),
(676, NULL, 'Melaporkan hasil kegiatan kepada pimpinan', 15, '1'),
(677, NULL, 'Menyiapkan bahan', 5, '0'),
(678, NULL, 'Menyiapkan bahan', 10, '0'),
(679, NULL, 'Menyiapkan bahan', 30, '0'),
(680, NULL, 'Menyiapkan bahan', 60, '0'),
(681, NULL, 'Melakukan pendampingan kegiatan', 30, '1'),
(682, NULL, 'Melakukan pendampingan kegiatan', 60, '1'),
(683, NULL, 'Melakukan pendampingan kegiatan', 120, '1'),
(684, NULL, 'Melakukan pendampingan kegiatan', 180, '1'),
(685, NULL, 'Melakukan pendampingan penyusunan Analisa jabatan, Analisa Beban Kerja dan Evaluasi Jabatan', 60, '1'),
(686, NULL, 'Melakukan pendampingan penyusunan Analisa jabatan, Analisa Beban Kerja dan Evaluasi Jabatan', 120, '1'),
(687, NULL, 'Pemantauan kegiatan posyandu', 60, '0'),
(688, NULL, 'Pemantauan kegiatan posyandu', 120, '0'),
(689, NULL, 'Melakukan rekonsiliasi data/keuangan/aset', 30, '1'),
(690, NULL, 'Melakukan rekonsiliasi data/keuangan/aset', 60, '1'),
(691, NULL, 'Melakukan rekonsiliasi data/keuangan/aset', 120, '1'),
(692, NULL, 'Melakukan rekonsiliasi data/keuangan/aset', 180, '1'),
(693, NULL, 'Membuat dan menempel barcode aset tetap SKPD/UKPD', 5, '1'),
(694, NULL, 'Melakukan pengecekan mutasi aset', 60, '1'),
(695, NULL, 'Melakukan pengecekan mutasi aset', 120, '1'),
(696, NULL, 'Melakukan pengecekan mutasi aset', 180, '1'),
(697, NULL, 'Melakukan rekonsiliasi aset', 60, '1'),
(698, NULL, 'Melakukan rekonsiliasi aset', 120, '1'),
(699, NULL, 'Menyusun angka konsolidasi aset', 60, '0'),
(700, NULL, 'Menyusun angka konsolidasi aset', 120, '0'),
(701, NULL, 'Menyusun angka konsolidasi selain aset', 30, '0'),
(702, NULL, 'Menyusun angka konsolidasi selain aset', 60, '0'),
(703, NULL, 'Menyusun angka konsolidasi selain aset', 120, '0'),
(704, NULL, 'Pemutakhiran data aset', 60, '0'),
(705, NULL, 'Pemutakhiran data aset', 120, '0'),
(706, NULL, 'Membuat daftar gaji/tunjangan/penghasilan lainnya', 30, '1'),
(707, NULL, 'Membuat daftar gaji/tunjangan/penghasilan lainnya', 60, '1'),
(708, NULL, 'Membuat daftar gaji/tunjangan/penghasilan lainnya', 120, '1'),
(709, NULL, 'Meneliti data entry gaji dan tunjangan lainnya sebagai bahan konfirmasi belanja pegawai dengan SKPD', 30, '1'),
(710, NULL, 'Melakukan konfirmasi gaji dan tunjangan lainnya sebagai data bahan belanja pegawai SKPD ', 30, '1'),
(711, NULL, 'Melakukan konfirmasi gaji dan tunjangan lainnya sebagai data bahan belanja pegawai SKPD', 60, '1'),
(712, NULL, 'Mengevaluasi/meneliti hasil konfirmasigaji dan tunjangan lainnya dengan SKPD', 30, '1'),
(713, NULL, 'Membuat konsep keputusan gubernur kenaikan gaji berkala/ pangkat/pensiun/ PNS/ CPNS / Mutasi', 30, '1'),
(714, NULL, 'Membuat konsep keputusan gubernur kenaikan gaji berkala/pangkat/pensiun/ PNS/ CPNS/ Mutasi', 60, '1'),
(715, NULL, 'Melakukan analis a/ kajian/ telaahan', 30, '1'),
(716, NULL, 'Melakukan analis a/ kajian/ telaahan', 60, '1'),
(717, NULL, 'Melakukan analisa/kaiian/telaahan', 120, '1'),
(718, NULL, 'Melakukan analisa/kajian/telaahan', 180, '1'),
(719, NULL, 'Menganalisa hasil uji', 30, '1'),
(720, NULL, 'Menganalisa hasil uji', 60, '1'),
(721, NULL, 'Melakukan penelitian', 15, '1'),
(722, NULL, 'Melakukan penelitian', 30, '1'),
(723, NULL, 'Melakukan penelitian', 60, '1'),
(724, NULL, 'Mendampingi kegiatan pelatihan keterampilan', 60, '1'),
(725, NULL, 'Mendampingi kegiatan pelatihan keterampilan', 120, '1'),
(726, NULL, 'Melaksanakan pelatihan per kegiatan', 60, '1'),
(727, NULL, 'Melaksanakan pelatihan per kegiatan', 120, '1'),
(728, NULL, 'Melaksanakan pelatihan per kegiatan', 180, '1'),
(729, NULL, 'Melaksanakan pembinaan fisik, pembinaan olahraga dan kegiatan pelatihan', 60, '1'),
(730, NULL, 'Melaksanakan pembinaan fisik, pembinaan olahraga dan kegiatan pelatihan', 120, '1'),
(731, NULL, 'Membuat Media Pembelajaran /pelatihan dan bimbingan Pendidikan', 90, '1'),
(732, NULL, 'Membuat Media Pembelajaran /pelatihan dan bimbingan Pendidikan', 120, '1'),
(733, NULL, 'Membuat transkrip nilai peserta pelatihan per kegiatan', 30, '1'),
(734, NULL, 'Membuat transkrip nilai peserta pelatihan per kegiatan', 60, '1'),
(735, NULL, 'Penyaluran Warga Binaan Sosial (WBS) per kegiatan', 60, '0'),
(736, NULL, 'Penyaluran Warga Binaan Sosial (WBS) per kegiatan', 90, '0'),
(737, NULL, 'Memandikan Warga Binaan Sosial (WBS)', 30, '1'),
(738, NULL, 'Perawatan Kesehatan Warga Binaan Sosial (WBS) per pasien', 10, '0'),
(739, NULL, 'Pelayanan Makan Warga Binaan Sosial (WBS) perpasien', 15, '0'),
(740, NULL, 'Membuat sistem/aplikasi IT', 60, '1'),
(741, NULL, 'Membuat sistem/aplikasi IT', 120, '1'),
(742, NULL, 'Melaksanakan Identifikasi dan asesmen Warga Binaan Sosial', 60, '1'),
(743, NULL, 'Melakukan instalasi perangkat lunak/keras', 15, '1'),
(744, NULL, 'Melakukan instalasi perangkat lunak/keras', 30, '1'),
(745, NULL, 'Melakukan Pemeliharaan Perangkat Keras/Lunak', 30, '1'),
(746, NULL, 'Melakukan Pemeliharaan Perangkat Keras/Lunak', 60, '1'),
(747, NULL, 'Melakukan pengaturan/setting router multiplayer/radio wireless/kamera/cctv (per objek)', 15, '1'),
(748, NULL, 'Melakukan uji coba', 30, '1'),
(749, NULL, 'Melakukan uji coba', 60, '1'),
(750, NULL, 'Melakukan uji coba', 120, '1'),
(751, NULL, 'Melaksanakan tindakan rawat jalan', 10, '1'),
(752, NULL, 'Melaksanakan tindakan rawat jalan', 30, '1');
INSERT INTO `masteraktivitas` (`IdAktivitas`, `IdSasaranMutu`, `Aktivitas`, `WaktuEfektif`, `StatusAktif`) VALUES
(753, NULL, 'Melaksanakan tindakan rawat jalan', 60, '1'),
(754, NULL, 'Melakukan tindakan/terapi pengobatan', 15, '1'),
(755, NULL, 'Melakukan tindakan/terapi pengobatan', 30, '1'),
(756, NULL, 'Melakukan tindakan/terapi pengobatan', 60, '1'),
(757, NULL, 'Melakukan tindakan operasi medis', 90, '1'),
(758, NULL, 'Melakukan tindakan operasi medis', 120, '1'),
(759, NULL, 'Melakukan tindakan processing film', 15, '1'),
(760, NULL, 'Melakukan tindakan teknik pemeriksaan radiologi USG', 15, '1'),
(761, NULL, 'Melakukan tindakan teknik pemeriksaan radiologi USG', 30, '1'),
(762, NULL, 'Melakukan terapi pada kasus gangguan jiwa/psikososial tingkat sedang kelompok relaksasi/interaksi sosial', 30, '1'),
(763, NULL, 'Melakukan terapi pada kasus gangguan jiwa/psikososial tingkat sedang kelompok relaksasi/interaksi sosial', 60, '1'),
(764, NULL, 'Melakukan pengambilan darah/ sampling ke pasien', 5, '1'),
(765, NULL, 'Melaksanakan imunisasi, vaksinasi, feed additive', 15, '1'),
(766, NULL, 'Melaksanakan imunisasi, vaksinasi, feed additive', 30, '1'),
(767, NULL, 'Melaksanakan imunisasi, vaksinasi, feed additive', 60, '1'),
(768, NULL, 'Melaksanakan imunisasi, vaksinasi, feed additive', 120, '1'),
(769, NULL, 'Melaksanakan imunisasi, vaksinasi, feed additive', 180, '1'),
(770, NULL, 'Membuat program fisioterapi', 15, '1'),
(771, NULL, 'Membuat program fisioterapi', 30, '1'),
(772, NULL, 'Membuat program fisioterapi', 60, '1'),
(773, NULL, 'Melaksanakan Pemeriksaan penunjang pelayanan kesehatan olahraga dan kebugaran medical check up pegawai', 90, '1'),
(774, NULL, 'Melaksanakan pemeriksaan pasien', 5, '1'),
(775, NULL, 'Melaksanakan pemeriksaan pasien', 15, '1'),
(776, NULL, 'Melaksanakan pemeriksaan pasien', 30, '1'),
(777, NULL, 'Memasang alat kontrasepsi', 20, '1'),
(778, NULL, 'Melakukan pelayanan Pap Smear', 20, '1'),
(779, NULL, 'Melaksanakan pemeriksaan ante mortem dan post mortem (per pasien)', 60, '1'),
(780, NULL, 'Melaksanakan pemeriksaan ante mortem dan post mortem (perpasien)', 120, '1'),
(781, NULL, 'Melaksanakan pelayanan klinis umum, spesialis, gizi kerja dan produktivitas kerja', 15, '1'),
(782, NULL, 'Melaksanakan pelayanan klinis umum, spesialis, gizi kerja dan produktivitas kerja', 30, '1'),
(783, NULL, 'Melaksanakan pengolahan dokumen rekam medis', 15, '1'),
(784, NULL, 'Melaksanakan pengolahan dokumen rekam medis', 30, '1'),
(785, NULL, 'Membuat catatan medik (per pasien)', 5, '1'),
(786, NULL, 'Menyusun rencana pemeriksaan okupasi terapi (Kasus ringan)', 10, '0'),
(787, NULL, 'Melakukan pemeriksaan okupasi terapi (Formal kasus berat)', 15, '1'),
(788, NULL, 'Melakukan tindakan terapi pada problem gerak dan fungsi pada tumbuh kembang anak kasus sedang', 30, '1'),
(789, NULL, 'Melakukan pemeriksaan okupasi terapi ( Informal )', 20, '1'),
(790, NULL, 'Melakukan tindakan darurat medik gigi dan mulut kompleks tingkat I', 60, '1'),
(791, NULL, 'Melakukan kegiatan promosi kesehatan perorangan', 15, '1'),
(792, NULL, 'Membuat catatan medik gigi dan mulut pasien rawat inap/jalan', 5, '1'),
(793, NULL, 'Membuat catatan medik gigi dan mulut pasien rawat inap/jalan', 15, '1'),
(794, NULL, 'Melakukan tindakan proteksi radiasi/kalibrasi', 15, '1'),
(795, NULL, 'Melakukan tindakan proteksi radiasi/kalibrasi', 30, '1'),
(796, NULL, 'Melakukan tindakan proteksi radiasi/kalibrasi', 60, '1'),
(797, NULL, 'Melakukan tindakan proteksi radiasi/kalibrasi', 180, '1'),
(798, NULL, 'Melakukan tindakan radiologi', 15, '1'),
(799, NULL, 'Melakukan tindakan radiologi', 30, '1'),
(800, NULL, 'Membimbing pelaksanaan Pelayanan kesehatan olahraga dan kebugaran', 15, '1'),
(801, NULL, 'Membimbing pelaksanaan Pelayanan kesehatan olahraga dan kebugaran', 30, '1'),
(802, NULL, 'Melakukan visum et repertum', 60, '1'),
(803, NULL, 'Melakukan visum et repertum', 120, '1'),
(804, NULL, 'Menyelenggarakan pelayanan pemulasaraan jenazah', 30, '0'),
(805, NULL, 'Menganalisis aktivitas (Kasus ringan okupasi terapi)', 20, '1'),
(806, NULL, 'Melakukan anamnesa keperawatan per pasien', 5, '1'),
(807, NULL, 'Melaksanakan tugas sebagai asistensi Pelayanan Kesehatan', 10, '1'),
(808, NULL, 'Mengikuti visit dokter (per 1 pasien)', 5, '1'),
(809, NULL, 'Memberikan asistensi kepada pasien dalam terapi kelompok musculoskeletal (per 1 pasien)', 45, '1'),
(810, NULL, 'Memantau pasien', 5, '1'),
(811, NULL, 'Memberikan resep obatipasien', 1, '1'),
(812, NULL, 'Menyiapkan/meracik obat berdasarkan resep dokter', 5, '0'),
(813, NULL, 'Menyiapkan/meracik obat berdasarkan resep dokter', 15, '0'),
(814, NULL, 'Membuat resep', 1, '1'),
(815, NULL, 'Menyusun LAKIP', 60, '0'),
(816, NULL, 'Menyusun LAKIP', 120, '0'),
(817, NULL, 'Menyusun LAKIP', 180, '0'),
(818, NULL, 'Membuat RENJA', 60, '1'),
(819, NULL, 'Membuat RENJA', 120, '1'),
(820, NULL, 'Membuat RENJA', 180, '1'),
(821, NULL, 'Membuat RENSTRA', 60, '1'),
(822, NULL, 'Membuat RENSTRA', 120, '1'),
(823, NULL, 'Membuat RENSTRA', 180, '1'),
(824, NULL, 'Membuat konsep TOR atau KAK', 60, '1'),
(825, NULL, 'Membuat konsep TOR atau KAK', 120, '1'),
(826, NULL, 'Menyusun Dokumen RPJPD/RPJMD/RKPD', 60, '0'),
(827, NULL, 'Menyusun Dokumen RPJPD/RPJMD/RKPD', 120, '0'),
(828, NULL, 'Menyusun Dokumen RPJPD/RPJMD/RKPD', 180, '0'),
(829, NULL, 'Mengikuti pembahasan dalam sidang Musrenbang', 120, '1'),
(830, NULL, 'Mengikuti pembahasan dalam sidang Musrenbang', 180, '1'),
(831, NULL, 'Mengikuti pembahasan dalam sidang Musrenbang tingkat provinsi/kota/kabupaten/kecamatan/kelurahan', 120, '1'),
(832, NULL, 'Mengikuti pembahasan dalam sidang Musrenbang tingkat provinsi/kota/kabu-paten/kecamatan/kelurahan', 180, '1'),
(833, NULL, 'Mengikuti pelatihan input/supervisi e-Musrenbang', 120, '1'),
(834, NULL, 'Membuat perencanaan kebutuhan, penempatan, mutasi, pengembangan kompetensi pegawai', 30, '1'),
(835, NULL, 'Membuat gambar perencanaan', 60, '1'),
(836, NULL, 'Membuat gambar perencanaan', 120, '1'),
(837, NULL, 'Membuat konsep Lakip Kota (asumsi bahan lengkap)', 60, '1'),
(838, NULL, 'Membuat konsep Lakip Kota (asumsi bahan lengkap)', 120, '1'),
(839, NULL, 'Membuat konsep Lakip Kota (asumsi bahan lengkap)', 180, '1'),
(840, NULL, 'Menghadiri/mendampingi persidangan ', 60, '1'),
(841, NULL, 'Menghadiri/mendampingi persidangan', 120, '1'),
(842, NULL, 'Menghadiri/mendampingi persidangan', 180, '1'),
(843, NULL, 'Pemberian keterangan ahli/saksi/sebagai pendamping di persidangan', 120, '0'),
(844, NULL, 'Pemberian keterangan ahli/saksi/sebagai pendamping di persidangan', 180, '0'),
(845, NULL, 'Membuat gugatan/jawaban/replik/duplik/akta bukti/kesimpulan untuk persidangan di pengadilan', 60, '1'),
(846, NULL, 'Membuat gugatan/jawaban/replik/duplik/akta bukti/kesimpulan untuk persidangan di pengadilan', 120, '1'),
(847, NULL, 'Membuat gugatan/jawaban/ replik/duplik/ akta bukti/kesimpulan untuk persidangan di pengadilan', 180, '1'),
(848, NULL, 'Menghadiri sidang di pengadilan', 60, '1'),
(849, NULL, 'Menghadiri sidang di pengadilan', 120, '1'),
(850, NULL, 'Menghadiri sidang di pengadilan', 180, '1'),
(851, NULL, 'Mengajukan gugatan/banding/kasasi/peninjauan kembali/memori/kontra memori ke pengadilan', 60, '1'),
(852, NULL, 'Memberikan keterangan mewakili pemerintah provinsi DKI Jakarta kepada pihak berwajib', 60, '1'),
(853, NULL, 'Memberikan keterangan mewakili pemerintah provinsi DKI Jakarta kepada pihak berwajib', 120, '1'),
(854, NULL, 'Memberikan keterangan mewakili pemerintah provinsi DKI Jakarta kepada pihak berwajib', 180, '1'),
(855, NULL, 'Membuat/melaksanakan administrasi', 15, '1'),
(856, NULL, 'Membuat/melaksanakan administrasi', 30, '1'),
(857, NULL, 'M embu at/ melaksanakan administrasi', 60, '1'),
(858, NULL, 'Pengurusan administrasi kepegawaian', 15, '0'),
(859, NULL, 'Pengurusan administrasi kepegawaian', 30, '0'),
(860, NULL, 'Pengurusan administrasi kepegawaian', 60, '0'),
(861, NULL, 'Membuat Berita Acara', 30, '1'),
(862, NULL, 'Membuat Berita Acara', 60, '1'),
(863, NULL, 'Membuat Berita Acara', 120, '1'),
(864, NULL, 'Mencetak Perda sebagai bahan APBD/APBD Perubahan', 10, '1'),
(865, NULL, 'Mencetak Pergub sebagai bahan APBD/APBD Perubahan', 10, '1'),
(866, NULL, 'Membuat File PDF Perda/Pergub', 5, '1'),
(867, NULL, 'Penomoran naskah dinas', 5, '0'),
(868, NULL, 'Menaklik Tiknet Perbal Naskah Dinas', 30, '1'),
(869, NULL, 'Menaklik Tiknet Perbal Naskah Dinas', 60, '1'),
(870, NULL, 'Menerima pendaftaran pasien (per pasien)', 3, '1'),
(871, NULL, 'Menerima tamu dan mencatat keperluannya', 5, '1'),
(872, NULL, 'Mempersiapkan alat kerja', 5, '1'),
(873, NULL, 'Mempersiapkan alat kerja', 15, '1'),
(874, NULL, 'Mempersiapkan alat kerja', 30, '1'),
(875, NULL, 'Melaksanakan tera ulang terhadap alat ukur (per alat ukur)', 15, '1'),
(876, NULL, 'Melaksanakan tera ulang terhadap alat ukur (per alat ukur)', 30, '1'),
(877, NULL, 'Melaksanakan Penertiban (per titik/per objek)', 60, '1'),
(878, NULL, 'Melaksanakan Penertiban (per titik/per objek)', 120, '1'),
(879, NULL, 'Melaksanakan Penertiban (per titik/per objek)', 180, '1'),
(880, NULL, 'Melakukan patroli', 15, '1'),
(881, NULL, 'Melakukan patroli', 30, '1'),
(882, NULL, 'Melakukan pengaturan pada objek kerja', 15, '1'),
(883, NULL, 'Melakukan pengaturan pada objek kerja', 30, '1'),
(884, NULL, 'Melakukan pengaturan pada objek kerja', 60, '1'),
(885, NULL, 'Melaksanakan Penilaian Kinerja Guru   .', 60, '1'),
(886, NULL, 'Melaksanakan Penilaian Kinerja Guru', 120, '1'),
(887, NULL, 'Melaksanakan Penilaian Kinerja Kepala Sekolah/Pengawas Sekolah', 60, '1'),
(888, NULL, 'Melaksanakan Penilaian Kinerja Kepala Sekolah/Pengawas Sekolah', 120, '1'),
(889, NULL, 'Melakukan penilaian', 10, '1'),
(890, NULL, 'Melakukan penilaian', 30, '1'),
(891, NULL, 'Melakukan penilaian', 60, '1'),
(892, NULL, 'Melakukan penilaian', 120, '1'),
(893, NULL, 'Melakukan pembinaan/penilaian pegawai -', 15, '1'),
(894, NULL, 'Melakukan penilaian angka kredit terhadap JFT', 60, '1'),
(895, NULL, 'Membuat Daftar Usulan Penilaian Angka Kredit (DUPAK)', 30, '1'),
(896, NULL, 'Melakukan pendistribusian barang', 15, '1'),
(897, NULL, 'Melakukan pendistribusian barang', 30, '1'),
(898, NULL, 'Melakukan pendistribusian barang', 60, '1'),
(899, NULL, 'Melakukan pendistribusian barang', 120, '1'),
(900, NULL, 'Melakukan/melaksanakan pemeriksaan/penelitian/uji pada laboratorium', 5, '1'),
(901, NULL, 'Melakukan /melaksanakan pemeriksaan/ penelitian/ uji pada laboratorium', 15, '1'),
(902, NULL, 'Melakukan/melaksanakan pemeriksaan/penelitian/uji pada laboratorium', 30, '1'),
(903, NULL, 'Mewarnai sediaan/Objek Kerja', 5, '0'),
(904, NULL, 'Mempersiapkan peralatan dan bahan penunjang untuk penaambilan soesimen/samole Laboratorium', 0, '1'),
(905, NULL, 'Melakukan Pengkodean, Pendokumentasian dan Penyimpanan Hasil Uji', 20, '1'),
(906, NULL, 'Uji Kelayakan Kendaraan Bermotor', 5, '0'),
(907, NULL, 'Uji Kelayakan Kendaraan Bermotor', 15, '0'),
(908, NULL, 'Uji Kelayakan Kendaraan Bermotor', 30, '0'),
(909, NULL, 'Membuat Karya Ilmiah/Makalah', 120, '1'),
(910, NULL, 'Membuat karya tulis/karya ilmiah hasil pengkajian di bidang pengawasan yang dipublikasikan dalam bentuk buku yang diterbitkan dan diedarkan secara nasional/internasional', 120, '1'),
(911, NULL, 'Pembuatan karya tulis/karya ilmiah', 60, '0'),
(912, NULL, 'Pembuatan karya tulis/karya ilmiah', 120, '0'),
(913, NULL, 'Membuat SK Petikan (per 1 SK)', 3, '1'),
(914, NULL, 'Menyusun/Membuat Sasaran Kerja Pegawai (SKP)', 60, '0'),
(915, NULL, 'Menyusun LKPJ (Laporan Kinerja Pertanggungjawaban) gubernur', 180, '0'),
(916, NULL, 'Membuat Sasaran Kerja Pegawai', 30, '1'),
(917, NULL, 'Menyusun indikator perjanjian kinerja SKPD/UKPD', 180, '0'),
(918, NULL, 'Menyusun indikator perjanjian kinerja SKPDJUKPD', 120, '0'),
(919, NULL, 'Membuat Pakta Integritas', 5, '1'),
(920, NULL, 'Membuat Pakta Integritas', 15, '1'),
(921, NULL, 'Melakukan evaluasi', 30, '1'),
(922, NULL, 'Melakukan evaluasi', 60, '1'),
(923, NULL, 'Melakukan evaluasi', 120, '1'),
(924, NULL, 'Melakukan Evaluasi Sistem Akuntabilitas Kinerja Instansi Pemerintah per 1 SKPD', 30, '1'),
(925, NULL, 'Melakukan Evaluasi Sistem Akuntabilitas Kinerja Instansi Pemerintah per 1 SKPD', 60, '1'),
(926, NULL, 'Pengawasan/Pelaksanaan Kegiatan Perencanaan dan Evaluasi Pengawasan/Melaksanakan kegiatan perencanaan pengawasan', 60, '0'),
(927, NULL, 'Pengawasan/Pelaksanaan Kegiatan Perencanaan dan Evaluasi Pengawasan/Melaksanakan kegiatan perencanaan pengawasan', 120, '0'),
(928, NULL, 'Pengawasan/Pelaksanaan Kegiatan Perencanaan dan Evaluasi Pengawasan/Melaksanakan kegiatan perencanaan pengawasan', 180, '0'),
(929, NULL, 'Menyusun dan menyiapkan bahan evaluasi', 120, '0'),
(930, NULL, 'Menyusun dan menyiapkan bahan evaluasi', 60, '0'),
(931, NULL, 'Menyusun Evaluasi Jabatan/Kelas Jabatan', 60, '0'),
(932, NULL, 'Menyusun Evaluasi Jabatan/Kelas Jabatan', 30, '0'),
(933, NULL, 'Menyusun kamus jabatan', 60, '0'),
(934, NULL, 'Menyusun kamus jabatan', 120, '0'),
(935, NULL, 'Memberikan disposisi kepada bawahan', 3, '1'),
(936, NULL, 'Memberikan disposisi kepada bawahan', 5, '1'),
(937, NULL, 'Memberi arahan', 30, '1'),
(938, NULL, 'Memberi arahan', 60, '1'),
(939, NULL, 'Memeriksa/meneliti hasil kegiatan/kerja', 15, '1'),
(940, NULL, 'Me meriksa/ meneliti hasil kegiatan/ kerja', 30, '1'),
(941, NULL, 'Pengesahan gambar pelaksanaan bangunan/shop drawing/as built drawing untuk SLF (Per Gambar)', 15, '0'),
(942, NULL, 'Pengesahan gambar pelaksanaan bangunan/ shop drawing/as built drawing untuk SLF (Per Gambar)', 30, '0'),
(943, NULL, 'Melaksanakan pemeliharaan/perawatan/pembersihan prasarana dan sarana', 15, '1'),
(944, NULL, 'Melaksanakan pemeliharaan/perawatan/pembersihan prasarana dan sarana', 30, '1'),
(945, NULL, 'Melaksanakan pemeliharaan/ perawatan/ pembersihan prasarana dan sarana', 60, '1'),
(946, NULL, 'Melaksanakan pemeliharaan/ perawatan/pembersihan prasarana dan sarana', 120, '1'),
(947, NULL, 'Melaksanakan pemeliharaan dan perbaikan instalasi listrik dan air', 60, '1'),
(948, NULL, 'Melaksanakan pemeliharaan dan perbaikan instalasi listrik dan air', 30, '1'),
(949, NULL, 'Melakukan inventarisasi', 10, '1'),
(950, NULL, 'Melakukan inventarisasi', 30, '1'),
(951, NULL, 'Melakukan inventarisasi', 60, '1'),
(952, NULL, 'Inventarisasi permasalahan', 30, '1'),
(953, NULL, 'Inventarisasi permasalahan', 60, '1'),
(954, NULL, 'Inventarisasi permasalahan', 120, '1'),
(955, NULL, 'Menerima dan menyetor retribusi', 20, '1'),
(956, NULL, 'Melakukan Pemungutan/ Penyetoran Pajak', 30, '1'),
(957, NULL, 'Melakukan Pemungutan/ Pe nyetoran Pajak', 60, '1'),
(958, NULL, 'Menyusun Analisa Beban Kerja', 30, '0'),
(959, NULL, 'Menyusun Analisa Beban Kerja', 60, '0'),
(960, NULL, 'Menyusun data jabatan SKPD/UKPD', 90, '0'),
(961, NULL, 'Melakukan kalibrasi', 15, '1'),
(962, NULL, 'Melakukan kalibrasi', 30, '1'),
(963, NULL, 'Melakukan kalibrasi', 60, '1'),
(964, NULL, 'Menjustir alat ukur', 30, '0'),
(965, NULL, 'Menjustir alat ukur', 60, '0'),
(966, NULL, 'Melakukan QC, kalibrasi, persiapan reagen masing-masing alat kimia, hematologi, urinalisa, imunologi', 10, '1'),
(967, NULL, 'Membuat inventaris barang ( KIB)', 30, '1'),
(968, NULL, 'Membuat buku inventaris (BI)', 30, '1'),
(969, NULL, 'Membuat buku induk inventaris (BII)', 30, '1'),
(970, NULL, 'Menyiapkan Laporan Barang Pengguna Barang Semesteran (LBPS) dan Laporan Barang Pengguna Tahunan (LBPT) serta laporan inventarisasi 5 (lima) tahunan yang berada di SKPD', 60, '0'),
(971, NULL, 'Melaksanakan sensus barang', 30, '1'),
(972, NULL, 'Melaksanakan sensus barang', 60, '1'),
(973, NULL, 'Melaksanakan sensus barang', 120, '1'),
(974, NULL, 'Membuat Rencana Kerja Bidang Pendidikan', 60, '1'),
(975, NULL, 'Membuat Rencana Kerja Bidang Pendidikan', 120, '1'),
(976, NULL, 'Ujian Kompetensi Guru dan Pengawas jenjang SD, SMP, SMA, SMK', 180, '0'),
(977, NULL, 'Input PKG Jenjang SD, SMP, SMA, SMK', 60, '1'),
(978, NULL, 'Input PKG Jenjang SD, SMP, SMA, SMK', 120, '1'),
(979, NULL, 'Melaksanakan tugas piket diluar jam kerja', 30, '1'),
(980, NULL, 'Melaksanakan tugas piket diluar jam kerja', 60, '1'),
(981, NULL, 'Melaksanakan tugas piket diluar jam kerja', 120, '1'),
(982, NULL, 'Menerima kunjungan kerja (lx kunjungan)', 60, '1'),
(983, NULL, 'Menerima kunjungan kerja (lx kunjungan)', 120, '1'),
(984, NULL, 'Menerima kunjungan kerja (lx kunjUngan)', 180, '1'),
(985, NULL, 'Menerjemahkan Bahasa (lx kunjungan)', 60, '1'),
(986, NULL, 'Melakukan kunjungan kerja', 60, '1'),
(987, NULL, 'Melakukan kunjungan kerja', 120, '1'),
(988, NULL, 'Melakukan kunjungan kerja', 180, '1'),
(989, NULL, 'Melakukan kunjungan kerja', 300, '1'),
(990, NULL, 'Melaksanakan pengaturan lalu lintas', 30, '1'),
(991, NULL, 'Melaksanakan pengaturan lalu lintas', 60, '1'),
(992, NULL, 'Melaksanakan pengaturan lalu lintas', 120, '1'),
(993, NULL, 'Menghidupkan mesin', 5, '1'),
(994, NULL, 'Menghidupkan mesin kapal', 15, '1'),
(995, NULL, 'Memeriksa dokumen kapal nelayan/bakgan/kapal tradisonal (per kapal)', 30, '1'),
(996, NULL, 'Melakukan pengukuran kapal nelayan untuk penetapan di bawah 7GT (per kapal)', 60, '1'),
(997, NULL, 'Melaksanakan cap bakar/tanda selar kapal-kapal di bawah 7 GT pada pelabuhan', 30, '1'),
(998, NULL, 'Melaksanakan tugas untuk kelancaran dan ketertiban di area pelabuhan', 30, '1'),
(999, NULL, 'Mengendalikan kapal sebagai nahkoda sesuai dengan prosedur pelayaran', 120, '1'),
(1000, NULL, 'Mengendalikan kapal sebagai nahkoda sesuai dengan prosedur pelayaran', 60, '1'),
(1001, NULL, 'Melakukan pelayaran sebagai ABK sesuai dengan prosedur pelayaran', 60, '1'),
(1002, NULL, 'Melakukan pelayaran sebagai ABK sesuai aengan prosedur pelayaran', 120, '1'),
(1003, NULL, 'Melakukan pengecekan kelengkapan kapal sesuai prosedur dan arahan pimpinan', 60, '1'),
(1004, NULL, 'Mengecek kondisi kapal sesuai prosedur yg berlaku untuk kelancaran pelaksanan pelayaran', 60, '1'),
(1005, NULL, 'Memeriksa keadaan muatan sesuai prosedur yg berlaku untuk kelancaran pelaksanan pelayaran', 30, '1'),
(1006, NULL, 'Menyandarkan kapal setelah pelaksanan pelayaran sesuai prosedur yang berlaku agar kapal terjaga keamananya', 30, '0'),
(1007, NULL, 'Membuat jurnal/catatan kondisi kapal secara berkala sesuai prosedur dan arahan pimpinan agar dapat mengetahui kondisi kapal', 45, '1'),
(1008, NULL, 'Melakukan kegiatan Promosi/Pameran/Bazar Investasi Dalam Negeri', 120, '1'),
(1009, NULL, 'Melakukan kegiatan Promosi/Pameran/Bazar Investasi Dalam Negeri', 180, '1'),
(1010, NULL, 'Membuat Konsep Perhitungan Masa Kerja dan Jumlah Besaran Hak Pensiun atas Permintaan Sendiri', 5, '1'),
(1011, NULL, 'Melaksanakan pengukuran tanah < 500 m2 (per lokasi)', 30, '1'),
(1012, NULL, 'Melaksanakan pengukuran tanah 500 - 1000 m2 (per lokasi)', 60, '1'),
(1013, NULL, 'Melaksanakan pengukuran tanah >1000 m2 (per lokasi)', 90, '1'),
(1014, NULL, 'Mengajarkan Senam', 60, '1'),
(1015, NULL, 'Mengajarkan Senam', 90, '1'),
(1016, NULL, 'Mengikuti Senam', 60, '1'),
(1017, NULL, 'Mengikuti Senam', 90, '1'),
(1018, NULL, 'Menyelenggarakan senam lansia', 60, '0'),
(1019, NULL, 'Mengajarkan senam lansia', 60, '1'),
(1020, NULL, 'Menjadi instruktur senam kesehatan', 60, '0'),
(1021, NULL, 'Membuat Kliping Berita', 30, '1'),
(1022, NULL, 'Membuat Kliping Berita', 15, '1'),
(1023, NULL, 'Mengantar/Menjemput/Mengemudi Kendaraan 0perasional', 30, '1'),
(1024, NULL, 'Mengantar/Menjemput/Mengemudi Kendaraan 0_perasional', 60, '1'),
(1025, NULL, 'Mengantar/ Menjemput/ Mengemudi Kendaraan 0_perasional', 120, '1'),
(1026, NULL, 'Mengurus kelengkapan kendaraan bermotor', 30, '0'),
(1027, NULL, 'Memelihara peralatan operasional truk/bis/kendaraan lain', 60, '1'),
(1028, NULL, 'Melaksanakan upaya pencegahan', 30, '1'),
(1029, NULL, 'Melaksanakan upaya pencegahan', 60, '1'),
(1030, NULL, 'Melaksanakan Kegiatan Pembinaan', 30, '1'),
(1031, NULL, 'Melaksanakan Kegiatan Pembinaan', 60, '1'),
(1032, NULL, 'Melaksanakan Kegiatan Pembinaan', 90, '1'),
(1033, NULL, 'Melaksanakan Kegiatan Pembinaan', 120, '1'),
(1034, NULL, 'Melaksanakan Kegiatan Pembinaan', 180, '1'),
(1035, NULL, 'Melakukan penyuluhan', 30, '1'),
(1036, NULL, 'Melakukan penyuluhan', 60, '1'),
(1037, NULL, 'Pemantauan Unjuk Rasa', 60, '0'),
(1038, NULL, 'Pemantauan Unjuk Rasa', 120, '0'),
(1039, NULL, 'Membuat peta', 30, '1'),
(1040, NULL, 'Membuat peta', 60, '1'),
(1041, NULL, 'Membuat jawaban', 30, '1'),
(1042, NULL, 'Membuat jawaban', 60, '1'),
(1043, NULL, 'Membuat jawaban', 120, '1'),
(1044, NULL, 'Menindaklanjuti pertanyaan masyarakat melalui QLUE/CROPS/sistem aplikasi lainnya', 5, '0'),
(1045, NULL, 'Menindaklanjuti pertanyaan masyarakat m_elalui QLUE/CROPS/sistem aplikasi lainnya', 15, '0'),
(1046, NULL, 'Menindaklanjuti pertanyaan masyarakat melalui QLUE/CROPS/sistem aplikasi lainnya "', 30, '0'),
(1047, NULL, 'Melaksanakan tugas kedinasan lain yang diperintahkan oleh pimpinan baik tertulis maupun lisan', 30, '1'),
(1049, NULL, 'Menyusun pedoman/petunjuk teknis/petunjuk pelaksanaan', 60, '0'),
(1050, NULL, 'Menyusun pedoman/petunjuk teknis/petunjuk pelaksanaan', 90, '0'),
(1051, NULL, 'Menyusun pedoman/petunjuk teknis/petunjuk pelaksanaan', 120, '0'),
(1052, NULL, 'Menyusun Kurikulum/ Buku/ Diktat/ Modul', 180, '0'),
(1053, NULL, 'Menyusun Kurikulum/ Buku / Diktat/ Modul', 120, '0'),
(1054, NULL, 'Menyusun Kurikulum/ Buku/ Diktat/ Modul', 60, '0'),
(1055, NULL, 'Penindakan terhadap pelanggaran Perda', 30, '0'),
(1056, NULL, 'Penindakan terhadap pelanggaran Perda', 60, '0'),
(1057, NULL, 'Penindakan terhadap pelanggaran Perda', 90, '0'),
(1058, NULL, 'Melakukan identifikasi', 15, '1'),
(1059, NULL, 'Melakukan identifikasi', 30, '1'),
(1060, NULL, 'Melakukan identifikasi', 60, '1'),
(1061, NULL, 'Melakukan identifikasi', 90, '1'),
(1062, NULL, 'Melakukan penyegelan terhadap bangunan', 60, '1'),
(1063, NULL, 'Memasang tanda legalitas mendirikan bangunan', 60, '1'),
(1064, NULL, 'Melakukan Stock Opname', 15, '1'),
(1065, NULL, 'Melakukan Stock Opname', 30, '1'),
(1066, NULL, 'Melakukan Stock Opname', 60, '1'),
(1067, NULL, 'Mengumpulkan jawaban ujian', 15, '0'),
(1068, NULL, 'Membuat dan memasang Nomor Ujian (per objek)', 5, '1'),
(1069, NULL, 'Pembuatan Album Foto Peserta Ujian Nasional', 60, '0'),
(1070, NULL, 'Mengikuti Proses Ujian Sekolah (per mata_pelajaran)', 120, '1'),
(1071, NULL, 'Menyiapkan naskah soal ujian perkegiatan', 15, '0'),
(1072, NULL, 'Melakukan rekrutmen calon tenaga kerja untuk penempatan (per orang)', 30, '1'),
(1073, NULL, 'Melakukan rekrutmen calon tenaga kerja untuk penempatan (per orang)', 60, '1'),
(1074, NULL, 'Melakukan rekrutmen calon tenaga kerja untuk penempatan (per orang)', 120, '1'),
(1075, NULL, 'Rekrutmen Tenaga Non PNS (per kegiatan)', 30, '0'),
(1076, NULL, 'Mendesain sertifikat, spanduk dan piagam', 30, '1'),
(1077, NULL, 'Mengumpulkan bahan kerja', 30, '0'),
(1078, NULL, 'Mengumpulkan bahan kerja', 15, '0'),
(1079, NULL, 'Mengisi Buku Induk Siswa', 15, '1'),
(1080, NULL, 'Melakukan negosiasi dan penyelesaian masalah (per kejadian)', 60, '1'),
(1081, NULL, 'Membuat user ID baru pada aplikasi', 15, '1'),
(1082, NULL, 'Melaksanakan penagihan pada penyewa', 15, '1'),
(1083, NULL, 'Melakukan pointing arah antena sentral (per lokasi)', 30, '1'),
(1084, NULL, 'Membuat press release', 30, '1'),
(1085, NULL, 'Membuat press release', 60, '1'),
(1086, NULL, 'Menerima dan menyampaikan berita lewat Rig/HT', 5, '1'),
(1087, NULL, 'Menerima dan menyampaikan berita lewat Rig/HT', 3, '1'),
(1088, NULL, 'Membuat terjemahan/menyadur buku dan bahan lainnya', 30, '1'),
(1089, NULL, 'Menyusun matriks', 30, '0'),
(1090, NULL, 'Menyusun matriks', 60, '0'),
(1091, NULL, 'Menyusun matriks', 120, '0'),
(1092, NULL, 'Melakukan reviu', 30, '1'),
(1093, NULL, 'Melakukan reviu', 60, '1'),
(1094, NULL, 'Melakukan reviu', 120, '1'),
(1095, NULL, 'Melakukan reviu', 180, '1'),
(1096, NULL, 'Melakukan Pengamatan dan Penggambaran terhadap target operasi', 30, '1'),
(1097, NULL, 'Melakukan Pengamatan dan Penggambaran terhadap target operasi', 60, '1'),
(1098, NULL, 'Melakukan proses kegiatan akreditasi', 30, '1'),
(1099, NULL, 'Legalisir dokumen (per 5 lembar)', 5, '1'),
(1100, NULL, 'Membuat bestek', 60, '1'),
(1101, NULL, 'Membuat bestek', 120, '1'),
(1102, NULL, 'Menyusun Tindak Lanjut Temuan BPK', 30, '0'),
(1103, NULL, 'Menyusun Tindak Lanjut Temuan BPK', 60, '0'),
(1104, NULL, 'Pembuatan Tanda Nomor Pemeriksaan Uji pada Fisik Kendaraan', 5, '0'),
(1105, NULL, 'Melakukan Rekonsiliasi Data per kegiatan', 30, '1'),
(1106, NULL, 'Mempersiapkan ruangan dan peralatan dalam kondisi siap pakai (Kasus berat okupasi terapi)', 5, '1'),
(1107, NULL, 'Pelaksanaan rembuk RW', 120, '0'),
(1108, NULL, 'Pelaksanaan rembuk RW', 180, '0'),
(1109, NULL, 'Menyiapkan bahan yang dibutuhkan oleh Lembaga Pemeriksa', 60, '0'),
(1110, NULL, 'Menyiapkan bahan yang dibutuhkan oleh Lembaga Pemeriksa', 120, '0'),
(1111, NULL, 'Menghadiri kegiatan pemberdayaan dan kesejahteraan keluarga (PKK ) bagi pegawai kelurahan', 120, '1'),
(1112, NULL, 'Melakukan pemeriksaan tes kekuatan otot', 15, '1'),
(1113, NULL, 'Membuat daftar menu', 15, '1'),
(1114, NULL, 'Membuat daftar menu', 30, '1'),
(1115, NULL, 'Membuat daftar menu', 60, '1'),
(1116, NULL, 'Melaksanakan penginformasian kepada pengguna jalan dengan Variable Message Sign (VMS) Mobile', 60, '1'),
(1117, NULL, 'Melaksanakan penginformasian kepada pengguna jalan dengan Variable Message Sign (VMS) Mobile', 120, '1'),
(1118, NULL, 'Pemeriksaan Operasi K3 Konstruksi', 60, '0'),
(1119, NULL, 'Pemeriksaan Operasi K3 Konstruksi', 120, '0'),
(1120, NULL, 'Menerima Pengaduan Masyarakat (per aduan)', 15, '1'),
(1121, NULL, 'Menyiapkan, menganalisis, menyajikan dokumen untuk kebutuhan sertifikasi ISO', 120, '0'),
(1122, NULL, 'Menyiapkan, menganalisis, menyajikan dokumen untuk kebutuhan sertifikasi ISO', 60, '0'),
(1123, NULL, 'Pemeriksaan dan Pengujian Khusus Objek-Kesehatan Keselamatan Kerja (K3 )', 60, '0'),
(1124, NULL, 'Memeriksa dan mencocokan nomor kendaraan yang meninggalkan areal parkir', 2, '1'),
(1125, NULL, 'Melakukan usulan komponen per kode rekening kegiatan', 20, '1'),
(1126, NULL, 'Membuat Detail Engineering Drawing (DED) konstruksi fisik', 90, '1'),
(1127, NULL, 'Membuat Detail Engineering Drawing (DED) konstruksi fisik', 120, '1'),
(1128, NULL, 'Membuat Detail Engineering Drawing (DED) konstruksi fisik', 180, '1'),
(1129, NULL, 'Melakukan kegiatan surveilance kasus atau penyakit yang berpotensi meniadi KLB per lokasi', 60, '1'),
(1130, NULL, 'Melakukan kegiatan surveilance kasus atau penyakit yang berpotensi meniadi KLB per lokasi', 120, '1'),
(1131, NULL, 'Melakukan kegiatan surveilance kasus atau penyakit yang berpotensi meniadi KLB per lokasi', 180, '1'),
(1132, NULL, 'Melakukan screening palliative', 15, '1'),
(1133, NULL, 'Membimbing mahasiswa/peserta Diklat', 30, '1'),
(1134, NULL, 'Melaksanakan latihan musik (pada Dinas Damkar)', 30, '1'),
(1135, NULL, 'Melaksanakan latihan musik (pada Dinas Damkar)', 60, '1'),
(1136, NULL, 'Melaksanakan latihan musik (pada Dinas Damkar)', 120, '1'),
(1137, NULL, 'Menginput jurnal SPJ ke aplikasi LPJ SIPKD BPKD Provinsi DKI Jakarta', 60, '1'),
(1138, NULL, 'Menginput jurnal SP2D ke aplikasi LPJ SIPKD BPKD Provinsi DKI Jakarta', 120, '1'),
(1139, NULL, 'Menginput jurnal SP2D ke aplikasi LPJ SIPKD BPKD Provinsi DKI Jakarta', 180, '1'),
(1140, NULL, 'Penataan arsip kantor', 15, '0'),
(1141, NULL, 'Penataan arsip kantor', 30, '0'),
(1142, NULL, 'Penataan arsip kantor', 45, '0'),
(1143, NULL, 'Mencetak hasil input Renja melalui sistem informasi', 5, '1'),
(1144, NULL, 'Mengajar/Melatih Diklat di Bidang Pengadaan Barang/Jasa', 90, '1'),
(1145, NULL, 'Melakukan penghitungan terhadap objek kerja', 15, '1'),
(1146, NULL, 'Melakukan penghitungan terhadap objek kerja', 30, '1'),
(1147, NULL, 'Melakukan penghitungan terhadap objek kerja', 60, '1'),
(1148, NULL, 'Melakukan p engaturan/ pengelolaan objek kerja', 15, '1'),
(1149, NULL, 'Melakukan pengaturan/pengelolaan objek kerja', 30, '1'),
(1150, NULL, 'Melakukan coding program database', 60, '1'),
(1151, NULL, 'Melakukan coding program database', 90, '1'),
(1152, NULL, 'Melakukan konversi sistem database', 30, '1'),
(1153, NULL, 'Melakukan konversi sistem database', 60, '1'),
(1154, NULL, 'Melakukan otorisasi/pengesahan objek kerja', 5, '1'),
(1155, NULL, 'Melakukan otorisasi/pengesahan objek kerja', 15, '1'),
(1156, NULL, 'Meningkatkan kinerja perangkat lunak pada komputer mainframe / server', 15, '0'),
(1157, NULL, 'Meningkatkan kinerja perangkat lunak pada komputer mainframe / server', 30, '0'),
(1158, NULL, 'Membuat algoritma pemrograman per modul', 30, '1'),
(1159, NULL, 'Membuat algoritma pemrograman per modul', 60, '1'),
(1160, NULL, 'Membuat uji kelayakan terhadap objek kerja', 30, '1'),
(1161, NULL, 'Membuat uji kelayakan terhadap objek kerja', 60, '1'),
(1162, NULL, 'Mengembangkan/meremajakan aplikasi/sistem informasi', 30, '1'),
(1163, NULL, 'Mengembangkan/ meremajakan aplikasi/ sistem informasi', 60, '1'),
(1164, NULL, 'Membuat rancangan aplikasi/sistem informasi lainnya', 60, '1'),
(1165, NULL, 'Membuat rancangan aplikasi/sistem informasi lainnya', 90, '1'),
(1166, NULL, 'Mengelola alokasi area database', 15, '1'),
(1167, NULL, 'Mengelola alokasi area database', 30, '1'),
(1168, NULL, 'Mengelola alokasi area database', 60, '1'),
(1169, NULL, 'Membuat otorisasi akses database', 15, '1'),
(1170, NULL, 'Membuat otorisasi akses database', 30, '1'),
(1171, NULL, 'Membuat otorisasi akses database', 60, '1'),
(1172, NULL, 'Melaksanakan duplikasi database', 15, '1'),
(1173, NULL, 'Melaksanakan duplikasi database', 30, '1'),
(1174, NULL, 'Melaksanakan duplikasi database', 60, '1'),
(1175, NULL, 'Migrasi database', 15, '0'),
(1176, NULL, 'Migrasi database', 30, '0'),
(1177, NULL, 'Migrasi database', 60, '0'),
(1178, NULL, 'Melaksanakan Penerapan rancangan konfigurasi sistem jaringan komputer', 60, '1'),
(1179, NULL, 'Melaksanakan Penerapan rancangan konfigurasi sistem jaringan komputer', 120, '1'),
(1180, NULL, 'Mengembangkan dan atau meremajakan rancangan rinci sistem  informasi', 60, '1'),
(1181, NULL, 'Mengembangkan dan atau meremajakan rancangan rinci sistem informasi', 120, '1'),
(1182, NULL, 'Membuat algoritma pemrograman per modul', 60, '1'),
(1183, NULL, 'Menyusun studi kelayakan sistem', 30, '0'),
(1184, NULL, 'Menyusun studi kelayakan sistem', 60, '0'),
(1185, NULL, 'Menyusun studi kelayakan sistem', 120, '0'),
(1186, NULL, 'Menyusun rencana induk sistem informasr keseluruhan (Master Plan)', 60, '0'),
(1187, NULL, 'Menyusun rencana induk sistem informasi keseluruhan (Master Plan)', 120, '0'),
(1188, NULL, 'Melakukan pengelolaan/pemeliharaan sistem aplikasi', 30, '1'),
(1189, NULL, 'Melakukanpengelolaan/pemeliharaan sistem aplikasi', 60, '1'),
(1190, NULL, 'Observasi Jasa Telekomunikasi', 30, '0'),
(1191, NULL, 'Observasi Jasa Telekomunikasi', 60, '0'),
(1192, NULL, 'Observasi jasa pos', 30, '0'),
(1193, NULL, 'Observasi jasa pos', 60, '0'),
(1194, NULL, 'Observasi Multimedia', 30, '0'),
(1195, NULL, 'Observasi Multimedia', 60, '0'),
(1196, NULL, 'Melakukan Pengukuran Teknis Postel', 30, '1'),
(1197, NULL, 'Melakukan Pengukuran Teknis Postel', 120, '1'),
(1198, NULL, 'Update Content Social Media', 2, '0'),
(1199, NULL, 'Melakukan Pengukuran Teknis Telekomunikasi dan Multimedia', 30, '1'),
(1200, NULL, 'Melakukan Pengukuran Teknis Telekomunikasi dan Multimedia', 60, '1'),
(1201, NULL, 'Melaksanakan Pengukuran Spektrum Radio Frekuensi', 15, '1'),
(1202, NULL, 'Melaksanakan Pengukuran Spektrum Radio Frekuensi', 30, '1'),
(1203, NULL, 'Melaksanakan Pengukuran Koordinat', 10, '1'),
(1204, NULL, 'Melaksanakan Pengukuran Pengukuran Gelombang Elektromagnetik (Radiasi)', 15, '1'),
(1205, NULL, 'Melaksanakan Pengukuran Pengukuran Gelombang Elektromagnetik (Radiasi)', 30, '1'),
(1206, NULL, 'Melaksanakan Pendataan Fisik Menara Telekomunikasi', 30, '1'),
(1207, NULL, 'Melaksanakan Pengukuran Tinggi Menara Telekomunikasi', 10, '1'),
(1208, NULL, 'Melaksanakan Pengambilan Gambar dengan Kamera', 2, '1'),
(1209, NULL, 'Melaksanakan Pengambilan Gambar dengan Kamera', 5, '1'),
(1210, NULL, 'Melaksanakan Pengambilan Gambar dengan Kamera', 15, '1'),
(1211, NULL, 'Melaksanakan Wawancara dengan Pelapor/Saksi', 30, '1'),
(1212, NULL, 'Melaksanakan Wawancara dengan Pelapor/Saksi', 60, '1'),
(1213, NULL, 'Menghitung Besaran Retribusi Pemakaian Alat Ukur', 10, '1'),
(1214, NULL, 'Menghitung Besaran Retribusi Pemakaian Alat Ukur', 30, '1'),
(1215, NULL, 'Melaksanakan Pemberian Peringatan Terhadap Pelanggaran Perizinan dan Non Perizinan', 30, '1'),
(1216, NULL, 'Melaksanakan Pemrograman HT/RIG Trunking', 15, '1'),
(1217, NULL, 'Melaksanakan Registrasi HT/RIG Trunking Ke Sistem', 5, '1'),
(1218, NULL, 'Melaksanakan Perakitan dan Instalasi Pemasangan RIG Trunking', 60, '1'),
(1219, NULL, 'Melaksanakan Perakitan dan Instalasi Pemasangan RIG Trunking', 120, '1'),
(1220, NULL, 'Melaksanakan Pendataan HT/RIG Trunking', 30, '1'),
(1221, NULL, 'Melaksanakan Grouping ID Radio Trunking', 60, '1'),
(1222, NULL, 'Melaksanakan Grouping ID Radio Trunking', 120, '1'),
(1223, NULL, 'Melaksanakan Inventaris Alat Ukur Telekomunikasi', 30, '1'),
(1224, NULL, 'Melaksanakan Penanganan Gangguan pada HT/RIG Pengguna', 30, '1'),
(1225, NULL, 'Melaksanakan Penanganan Gangguan pada BTS Radio Trunking', 120, '1'),
(1226, NULL, 'Melaksanakan Pendataan CCTV', 30, '1'),
(1227, NULL, 'Melaksanakan Penentuan Titik Lokasi CCTV', 30, '1'),
(1228, NULL, 'Melakukan Pengamanan/Pemantauan Data/Sistem', 60, '1'),
(1229, NULL, 'Melakukan Pengamanan/Pemantauan Data/Sistem', 120, '1'),
(1230, NULL, 'Melakukan Back Up Data', 60, '1'),
(1231, NULL, 'Melakukan Back Up Data', 120, '1'),
(1232, NULL, 'Melakukan Back Up Aplikasi/Sistem', 60, '1'),
(1233, NULL, 'Melakukan Back Up Aplikasi/Sistem', 120, '1'),
(1234, NULL, 'Melakukan Recovery Data/Aplikasi/Sisterri', 60, '1'),
(1235, NULL, 'Melakukan Recovery Data/Aplikasi/Sistem', 120, '1'),
(1236, NULL, 'Melakukan Start Up Aplikasi Online pada Mesin Mainframe', 10, '1'),
(1237, NULL, 'Melakukan Start Up Aplikasi Online pada Mesin Mainframe', 30, '1'),
(1238, NULL, 'Melakukan Stop Aplikasi Online pada Mesin Mainframe', 10, '1'),
(1239, NULL, 'Melakukan Stop Aplikasi Online pada Mesin Mainframe', 30, '1'),
(1240, NULL, 'Melakukan Inservice Jaringan Online Mainframe', 15, '1'),
(1241, NULL, 'Melakukan Inservice Printer Online', 15, '1'),
(1242, NULL, 'Melakukan Print Out Borderel, SKP dan TNKB', 30, '1'),
(1243, NULL, 'Melakukan Print Out Borderel, SKP dan TNKB', 60, '1'),
(1244, NULL, 'Melakukan Identifikasi dan Verfikasi Perangkat Keras', 30, '1'),
(1245, NULL, 'Melakukan Identifikasi dan Verfikasi Perangkat Keras', 60, '1'),
(1246, NULL, 'Memberikan Informasi Layanan Publik', 5, '1'),
(1247, NULL, 'Memberikan Informasi Layanan Publik', 10, '1'),
(1248, NULL, 'Melakukan Penanganan Masalah (Troubleshooting) pada Aplikasi/ Sistern', 30, '1'),
(1250, NULL, 'Melakukan Audit Rutin Sistem', 30, '1'),
(1251, NULL, 'Melakukan Audit Rutin Sistem', 60, '1'),
(1252, NULL, 'Memfasilitasi Permintaan Dari PA/ KPA/ PPK/ULP/ Pejabat Pengadaan Berkaitan Dengan Blacklist Terhadap Penyedia Barang/Jasa', 30, '1'),
(1253, NULL, 'Pendampingan Terhadap Penggunaan SPSE dan Aplikasi e- Procurement Lainnya', 30, '0'),
(1254, NULL, 'Memberikan Informasi User ID dari Aplikasi SPSE', 20, '1'),
(1255, NULL, 'Melakukan Update Berita pada Website', 10, '1'),
(1256, NULL, 'Melakukan Pengukuran Objek', 30, '1'),
(1257, NULL, 'Melakukan Pengukuran Objek', 60, '1'),
(1258, NULL, 'Setting Network pada perangkat keras/lunak', 10, '0'),
(1259, NULL, 'Menilai Usulan Pengembangan atau Pembangunan Sistem Informasi Baru dan Mengidetifikasi Dampak', 30, '0'),
(1260, NULL, 'Menilai Usulan Pengembangan atau Pembangunan Sistem Informasi Baru dan Mengidetifikasi Dampak', 60, '0'),
(1261, NULL, 'Menerima permohonan Penyelesaian Sengketa Informasi (PSI)', 5, '1'),
(1262, NULL, 'Bertugas menjadi Panitera Pengganti', 30, '1'),
(1263, NULL, 'Bertugas menjadi Panitera Pengganti', 60, '1'),
(1264, NULL, 'Bertugas menjadi Panitera Pengganti', 120, '1'),
(1265, NULL, 'Melakukan perbaikan objek kerja', 15, '1'),
(1266, NULL, 'Melakukan perbaikan objek kerja', 30, '1'),
(1267, NULL, 'Melakukan perbaikan objek kerja', 45, '1'),
(1268, NULL, 'Melakukan perbaikan objek kerja', 60, '1'),
(1269, NULL, 'Melakukan perbaikan objek kerja', 90, '1'),
(1270, NULL, 'Melakukan perbaikan objek kerja', 120, '1'),
(1271, NULL, 'Melakukan pemeliharaan objek kerja', 15, '1'),
(1272, NULL, 'Melakukan pemeliharaan objek kerja', 30, '1'),
(1273, NULL, 'Melakukan pemeliharaan objek kerja', 45, '1'),
(1274, NULL, 'Melakukan pemeliharaan objek kerja', 60, '1'),
(1275, NULL, 'Melaksanakan arahan pimpinan', 15, '1'),
(1276, NULL, 'Melaksanakan arahan pimpinan', 30, '1'),
(1277, NULL, 'Melaksanakan arahan pimpinan', 60, '1'),
(1278, NULL, 'Mengikuti RAPIM Wakil Gubernur', 60, '1'),
(1279, NULL, 'Mengikuti RAPIM Wakil Gubernur', 120, '1'),
(1280, NULL, 'Mengikuti RAPIM Wakil Gubernur', 180, '1'),
(1281, NULL, 'Pemeriksaan Specimen', 5, '0'),
(1282, NULL, 'Pemeriksaan Lab. Kesehatan', 10, '0'),
(1283, NULL, 'Pemeriksaan Lab. Kesehatan', 15, '0'),
(1284, NULL, 'Pemeriksaan Lab. Kesehatan', 20, '0'),
(1285, NULL, 'Melakukan Pencatatan dan pelayanan laboratorium', 60, '1'),
(1286, NULL, 'Melakukan Pelayanan Kesehatan Wanita', 20, '1'),
(1287, NULL, 'Melakukan rujukan', 30, '1'),
(1288, NULL, 'Melakukan rujukan', 60, '1'),
(1289, NULL, 'Melakukan tindakan keperawatan', 30, '1'),
(1290, NULL, 'Melakukan tindakan keperawatan', 20, '1'),
(1291, NULL, 'Melaksanakan tugas sebagai asisten pelayanan kesehatan', 5, '1'),
(1292, NULL, 'Melaksanakan tugas sebagai asisten pelayanan kesehatan', 10, '1'),
(1293, NULL, 'Pemeliharaan dan Perawatan alat kesehatan', 10, '0'),
(1294, NULL, 'Monitoring kegiatan', 15, '0'),
(1295, NULL, 'Melakuka.n penanggulangan KLB dan wabah', 15, '1'),
(1296, NULL, 'Melakukan penanggulangan KLB dan wabah', 30, '1'),
(1297, NULL, 'Melakukan penanggulangan KLB dan wabah', 60, '1'),
(1298, NULL, 'Mengisi resume medis', 10, '1'),
(1299, NULL, 'Menerima Konsul dan dokter spesialis lain', 20, '1'),
(1300, NULL, 'Melakukan tindakan komplek medis', 120, '1'),
(1301, NULL, 'Melakukan tindakan komplek medis', 180, '1'),
(1302, NULL, 'Penanganan kegawatdaruratan', 30, '0'),
(1303, NULL, 'Penanganan kegawatdaruratan', 60, '0'),
(1304, NULL, 'Pre/ Post Confrence Keperawatan', 20, '0'),
(1305, NULL, 'Pre/Post Confrence Keperawatan', 30, '0'),
(1306, NULL, 'Melakukan transfer pasien antara unit', 5, '1'),
(1307, NULL, 'Melakukan transfer pasien antara unit', 15, '1'),
(1308, NULL, 'Melakukan transfer pasien antara unit', 30, '1'),
(1309, NULL, 'Mengikuti visit dokter', 10, '1'),
(1310, NULL, 'Mengikuti visit dokter', 30, '1'),
(1311, NULL, 'Mengikuti visit dokter', 60, '1'),
(1312, NULL, 'Melakukan pekerjaan linen Rumah Sakit', 15, '1'),
(1313, NULL, 'Melakukan pekerjaan linen Rumah Sakit', 30, '1'),
(1314, NULL, 'Melakukan pekerjaan linen Rumah Sakit', 45, '1'),
(1315, NULL, 'Menguji pegawai/ Mahasiswa/ siswa', 15, '0'),
(1316, NULL, 'Menguji pegawai/Mahasiswa/ siswa', 30, '0'),
(1317, NULL, 'Menguji pegawai/Mahasiswa/ siswa', 60, '0'),
(1318, NULL, 'Memperbaiki/memeriksa objek kerja', 5, '1'),
(1319, NULL, 'Melakukan edukasi pasien', 15, '1'),
(1320, NULL, 'Mencatat dan menghitung waktu tunggu pasien rawat Map', 5, '1'),
(1321, NULL, 'Mencatat dan menghitung waktu tunggu pasien rawat inap', 10, '1'),
(1322, NULL, 'Mencatat dan menghitung waktu tunggu pasien rawat Map', 15, '1'),
(1323, NULL, 'Melakukan pekerjaan rekam medis', 10, '1'),
(1324, NULL, 'Melakukan pekerjaan rekam medis', 20, '1'),
(1325, NULL, 'Melakukan pekerjaan rekam medis', 30, '1'),
(1326, NULL, 'Melakukan pekerjaan rekam medis', 60, '1'),
(1327, NULL, 'Melakukan pekerjaan gas medis', 30, '1'),
(1328, NULL, 'Membuat soal ujian', 60, '1'),
(1329, NULL, 'Membuat soal ujian', 120, '1'),
(1330, NULL, 'Menyusun formasi pegawai non PNS', 60, '0'),
(1331, NULL, 'Menyusun formasi pegawai non PNS', 120, '0'),
(1332, NULL, 'Melakukan klaim asuransi', 30, '1'),
(1333, NULL, 'Melakukan klaim asuransi', 60, '1'),
(1334, NULL, 'Pelaksanaan gugus kendali mutu', 60, '0'),
(1335, NULL, 'Pelaksanaan gugus kendali mutu', 120, '0'),
(1336, NULL, 'Melaksanakan 5 R (Ringkas, Rapi, Resik, Rawat, Rajin)', 30, '1'),
(1337, NULL, 'Melaksanakan 5 R (Ringkas, Rapi, Resik, Rawat, Rajin)', 60, '1'),
(1338, NULL, 'Melakukan/membuat sistem manajemen mutu', 60, '1'),
(1339, NULL, 'Melakukan/membuat sistem manajemen mutu', 120, '1'),
(1340, NULL, 'Mengikuti ronde keperawatan', 30, '1'),
(1341, NULL, 'Mengikuti ronde keperawatan', 60, '1'),
(1342, NULL, 'Mengikuti ronde keperawatan', 120, '1'),
(1343, NULL, 'Melaksanakan/Melayani Konsultasi Individu/kelompok', 15, '1'),
(1344, NULL, 'Membuat perbal naskah dinas', 10, '1'),
(1345, NULL, 'Melaksanakan / Melayani Konsultasi Individu / kelompok ', 60, '1'),
(1346, NULL, 'Melaksanakan / Melayani Konsultasi Individu / kelompok ', 30, '1'),
(1347, NULL, '- Melaksanakan / Melayani Konsultasi Individu / kelompok ', 10, '1'),
(1348, NULL, 'Melakukan tindakan / terapi pengobatan ', 15, '1'),
(1349, NULL, 'Melakukan edukasi pasien ', 15, '1'),
(1350, NULL, 'Melakukan tindakan / terapi pengobatan ', 30, '1'),
(1351, NULL, 'Melakukan tindakan / terapi pengobatan ', 60, '1'),
(1352, NULL, 'Melaksanakan pemeriksaan pasien ', 5, '1'),
(1353, NULL, 'Melaksanakan pemeriksaan pasien ', 15, '1'),
(1354, NULL, 'Melaksanakan pelayanan klinis umum, spesialis, gizi kerja dan produktivitas kerja ', 15, '1'),
(1355, NULL, 'Melaksanakan pelayanan klinis umum, spesialis, gizi kerja dan produktivitas kerja ', 30, '1'),
(1356, NULL, 'Melakukan kegiatan promosi kesehatan perorangan ', 15, '1'),
(1357, NULL, 'Memberikan resep obat / pasien ', 1, '1'),
(1358, NULL, 'Membuat resep ', 1, '1'),
(1359, NULL, 'Melaksanakan tugas kedinasan lain yang diperintahkan oleh pimpinan baik tertulis maupun lisan', 60, '1'),
(1360, NULL, 'Membimbing mahasiswa / peserta Diklat ', 30, '1'),
(1362, NULL, 'Melakukan rujukan ', 30, '1'),
(1363, NULL, 'Mengisi resume medis ', 10, '1'),
(1364, NULL, 'Menerima Konsul dari dokter spesialis lain ', 20, '1'),
(1365, NULL, 'Melakukan tindakan komplek medis ', 120, '1'),
(1366, NULL, 'Melakukan tindakan komplek medis ', 180, '1'),
(1367, NULL, 'Penanganan kegawatdaruratan ', 30, '0'),
(1368, NULL, 'Melaksanakan / Melayani Konsultasi Individu / kelompok ', 15, '1'),
(1369, NULL, 'Mengikuti rapat koordinasi ', 90, '1'),
(1370, NULL, 'Mengikuti pelatihan / sosialisasi / pendidikan ', 120, '1'),
(1371, NULL, 'Mengikuti pelatihan / sosialisasi / pendidikan ', 180, '1'),
(1372, NULL, 'Mengikuti pelatihan / sosialisasi / pendidikan ', 240, '1'),
(1373, NULL, 'Mengikuti Senam ', 60, '1'),
(1374, NULL, 'Mengikuti Senam ', 90, '1'),
(1376, NULL, '- Melaksanakan Pemeriksaan penunjang pelayanan kesehatan olahraga dan kebugaran medical check up pegawai ', 90, '1'),
(1377, NULL, 'Melaksanakan pemeriksaan pasien ', 30, '1'),
(1379, NULL, 'Melakukan edukasi pasien ', 15, '1'),
(1380, NULL, 'Mengikuti rapat koordinasi ', 60, '1'),
(1381, NULL, 'Mengikuti rapat koordinasi ', 120, '1'),
(1382, NULL, 'Mengikuti rapat koordinasi ', 180, '1'),
(1383, NULL, 'Mengikuti pelatihan / sosialisasi / pendidikan ', 60, '1'),
(1384, NULL, 'Mengikuti pelatihan / sosialisasi / pendidikan ', 300, '1'),
(1385, NULL, 'Melaksanakan pelayanan klinis umum, spesialis, gizi kerja dan produktivitas kerja ', 15, '1'),
(1386, NULL, '-Melaksanakan pelayanan klinis umum, spesialis, gizi kerja dan produktivitas kerja ', 30, '1'),
(1387, NULL, 'Melakukan rujukan ', 60, '1'),
(1388, NULL, 'Penanganan kegawatdaruratan ', 60, '0'),
(1389, NULL, 'Mengikuti rapat teknis ', 60, '1'),
(1390, NULL, 'Mengikuti rapat teknis ', 90, '1'),
(1391, NULL, 'Mengikuti rapat teknis ', 120, '1'),
(1392, NULL, 'Melakukan tindakan operasi medis ', 90, '1'),
(1393, NULL, 'Melakukan tindakan operasi medis ', 120, '1'),
(1394, NULL, 'Membuat catatan medik (per pasien) ', 5, '1'),
(1395, NULL, 'Mengikuti seminar / lokakarya / konferensi ', 60, '1'),
(1396, NULL, 'Mengikuti seminar / lokakarya / konferensi ', 120, '1'),
(1397, NULL, 'Menguji pegawai / Mahasiswa / siswa ', 60, '0'),
(1398, NULL, 'Mengikuti visit dokter ', 10, '1'),
(1399, NULL, 'Melakukan Penanganan Masalah (Troubleshooting) pada Aplikasi/ Sistern', 5, '1'),
(1400, NULL, 'Melakukan Penanganan Masalah (Troubleshooting) pada Aplikasi/ Sistern', 10, '1'),
(1401, NULL, 'Melakukan Penanganan Masalah (Troubleshooting) pada Aplikasi/ Sistern', 15, '1'),
(1402, NULL, 'Melakukan Penanganan Masalah (Troubleshooting) pada Aplikasi/ Sistern', 60, '1'),
(1403, NULL, 'Memberikan Pengarahan ', 60, '0'),
(1404, NULL, 'Memberikan Pengarahan', 90, '0'),
(1405, NULL, 'Memberikan Pengarahan ', 120, '0'),
(1406, NULL, 'baru', 2, '0'),
(1407, NULL, 'persiapan diri untuk pendistribusian makanan ke ruang rawat inap', 30, '0'),
(1408, NULL, 'persiapan diri untuk pendistribusian makanan ke ruang rawat inap', 30, '0'),
(1409, NULL, 'persiapan diri untuk pendistribusian makanan ke ruang rawat inap', 30, '0'),
(1410, NULL, 'Persiapan diri untuk membagi makanan keruang rawat inap', 30, '0'),
(1411, NULL, 'Melakukan Evakuasi Jenazah', 15, '1'),
(1412, NULL, 'Melakukan Evakuasi Jenazah', 30, '1'),
(1413, NULL, 'Pemasangan Alat', 15, '0'),
(1414, NULL, 'Melakukan Pengecekan Liquid Central', 30, '1'),
(1415, NULL, 'Melakukan Pengambilan Tabung Kosong', 15, '1'),
(1416, NULL, 'Melakukan Penyetokan Tabung Isi', 15, '1'),
(1417, NULL, 'Melakukan Observasi Jenazah', 30, '1'),
(1418, NULL, 'Melakukan Observasi Jenazah', 60, '1'),
(1419, NULL, 'pemasangan ragulator tabung', 15, '0'),
(1420, NULL, 'pemasangan flowmeter', 15, '0'),
(1421, NULL, 'Mengikuti Kegiatan Briefing', 30, '1'),
(1422, NULL, 'Mengikuti Kegiatan Briefing', 30, '1'),
(1423, NULL, 'Melakukan monitoring', 30, '1'),
(1424, NULL, 'Membuat pemesanan bahan makanan basah (BMB)', 30, '1'),
(1425, NULL, 'Memeriksa surat jalan BMB', 30, '1'),
(1426, NULL, 'Menginput data di komputer (per kegiatan/paket)', 120, '1'),
(1427, NULL, 'Membuat PB6 dan menginput di komputer', 30, '1'),
(1428, NULL, 'Melakukan monitoring PB6 yang sudah dibuat', 30, '1'),
(1429, NULL, 'Melakukan kegiatan arsip (per kegiatan/paket)', 60, '1'),
(1430, NULL, 'pasang regulator', 15, '0'),
(1431, NULL, 'ganti tabung isi', 15, '1'),
(1432, NULL, 'ganti tabung isi', 15, '0'),
(1433, NULL, 'Breiving Pagi', 30, '1'),
(1434, NULL, 'Menerima Pasien', 15, '1'),
(1435, NULL, 'Menyiapkan Obat', 30, '1'),
(1436, NULL, 'Menyiapkan Obat', 15, '1'),
(1437, NULL, 'Memperispkan Mesin & Alat Anestesi', 30, '1'),
(1438, NULL, 'Memonitoring Pasien Selama Operasi', 30, '1'),
(1439, NULL, 'Memonitoring Balance Cairan', 30, '1'),
(1440, NULL, 'Memonitoring Pasien Di RR', 30, '1'),
(1441, NULL, 'Menjaga kebersihan dan kerapihan kamar operasi', 30, '1'),
(1442, NULL, 'Menyiapkan kamar operasi sesuai dengan kenutuhan jenis tindakan operasi', 30, '1'),
(1443, NULL, 'Merapihkan Linen Kotor dan Linen Bersih', 30, '1'),
(1444, NULL, 'Mencatat alat non steril di buku serah terima', 15, '0'),
(1445, NULL, 'Mencampur cairan enzymatik', 15, '0'),
(1446, NULL, 'Melakukan Dekontaminasi - CSSD', 60, '1'),
(1447, NULL, 'Melakukan Pengemasan', 5, '1'),
(1448, NULL, 'Melakukan Pengemasan', 10, '1'),
(1449, NULL, 'Melakukan Pengemasan', 15, '1'),
(1450, NULL, 'Melakukan Pengemasan', 30, '1'),
(1451, NULL, 'Melakukan Pensterlian', 60, '1'),
(1452, NULL, 'Melakukan Penyimpanan', 5, '1'),
(1453, NULL, 'Melakukan Penyimpanan', 15, '1'),
(1454, NULL, 'Melakukan Penyimpanan', 10, '1'),
(1455, NULL, 'Melakukan kunjungan keruangan untuk mencatat kejadian infeksi darah operasi pada pasien post operasi', 15, '1'),
(1456, NULL, 'Melakukan kunjungan keruangan untuk mencatat kejadian infeksi saluran kemih pada pasien yang terpasang kateter', 15, '1'),
(1457, NULL, 'Melakukan monitoring pengendalian lingkungan diruangan', 15, '1'),
(1459, NULL, 'Membuat laporan PPI', 15, '1'),
(1460, NULL, 'Melakukan audit kepatuhan hand hyggiene pada petugas kesehatan', 15, '1'),
(1461, NULL, 'Melakukan audit bundle IAD pada pasien yang akan dipasang infus', 15, '1'),
(1462, NULL, 'Melakukan audit bundle ISK pada pasien yang akan dipasang kateter', 15, '1'),
(1463, NULL, 'Melakukan audit penggunaan APD pada ruang isolasi', 15, '1'),
(1464, NULL, 'Melakukan monitoring kesehatan karyawan pada ruang isolasi', 15, '1'),
(1465, NULL, 'Melakukan monitor pemilahan sampah infeksius dan non infeksius', 15, '1'),
(1466, NULL, 'Melakukan Sosialisasi bimbingan PPI untuk coas, Pre interensif', 15, '1'),
(1467, NULL, 'Melakukan Sosialisasi bimbingan PPI untuk mahasiswa keperawatan', 15, '1'),
(1468, NULL, 'Melakukan Sosialisasi bimbingan PPI untuk mahasiswa radiology', 15, '1'),
(1469, NULL, 'Melakukan Sosialisasi bimbingan PPI untuk mahasiwa farmasi, laboratorium, gizi, kesling, K3', 15, '1'),
(1470, NULL, 'Melakukan Sosialisasi bimbingan PPI untuk hand hygiene dan etika batuk untuk pasien dan keluarga', 15, '1'),
(1471, NULL, 'Melakukan kunjungan ke ruangan untuk mencatat kejadian infeksi aliran darah perifer pada pasien yang terpasang infus ', 15, '1'),
(1472, NULL, 'Melakukan kunjungan ke ruangan untuk memonitor hygiene respiratory pada pasien yang terpasang selang makan', 15, '1'),
(1473, NULL, 'Melakukan apel pagi di hadiri management dan karyawan rs', 15, '0'),
(1474, NULL, 'Membuat laporan audit bundle PPI', 15, '1'),
(1475, NULL, 'Melakukan melengkapi dokumen data PPI, Notulen rapat', 15, '1'),
(1476, NULL, 'Melakukan rapat komite PPI dan IPCN', 15, '1'),
(1477, NULL, 'Melakukan rapat PPI dan Management', 15, '1');

-- --------------------------------------------------------

--
-- Table structure for table `masterbulan`
--

CREATE TABLE `masterbulan` (
  `IdBulan` int(11) NOT NULL,
  `Bulan` varchar(50) DEFAULT NULL
) ENGINE=InnoDB DEFAULT CHARSET=latin1;

--
-- Dumping data for table `masterbulan`
--

INSERT INTO `masterbulan` (`IdBulan`, `Bulan`) VALUES
(1, 'Januari'),
(2, 'Februari'),
(3, 'Maret'),
(4, 'April'),
(5, 'Mei'),
(6, 'Juni'),
(7, 'Juli'),
(8, 'Agustus'),
(9, 'September'),
(10, 'Oktober'),
(11, 'November'),
(12, 'Desember');

-- --------------------------------------------------------

--
-- Table structure for table `masterhakakses`
--

CREATE TABLE `masterhakakses` (
  `IdHakAkses` int(11) NOT NULL,
  `HakAkses` varchar(50) DEFAULT NULL,
  `StatusAktif` char(1) DEFAULT NULL
) ENGINE=InnoDB DEFAULT CHARSET=latin1;

--
-- Dumping data for table `masterhakakses`
--

INSERT INTO `masterhakakses` (`IdHakAkses`, `HakAkses`, `StatusAktif`) VALUES
(1, 'Administrator', '1'),
(2, 'Kepegawaian', '1'),
(3, 'Keuangan', '1'),
(4, 'Diklat Internal', '1'),
(5, 'Diklat Eksternal', '1'),
(6, 'EKinerja Atasan', '1'),
(7, 'EKinerja Pegawai', '1'),
(8, 'Website Admin', '1'),
(9, 'Humas', '1'),
(10, 'Datin', '1'),
(11, 'Marketing', '1');

-- --------------------------------------------------------

--
-- Table structure for table `masterhubungankeluarga`
--

CREATE TABLE `masterhubungankeluarga` (
  `IdHubunganKeluarga` int(11) NOT NULL,
  `HubunganKeluarga` varchar(20) DEFAULT NULL,
  `StatusAktif` char(1) DEFAULT NULL,
  `TanggalDibuat` timestamp NULL DEFAULT CURRENT_TIMESTAMP
) ENGINE=InnoDB DEFAULT CHARSET=latin1;

--
-- Dumping data for table `masterhubungankeluarga`
--

INSERT INTO `masterhubungankeluarga` (`IdHubunganKeluarga`, `HubunganKeluarga`, `StatusAktif`, `TanggalDibuat`) VALUES
(1, 'Suami', '1', NULL),
(2, 'Istri', '1', NULL),
(3, 'Anak', '1', NULL),
(4, 'Ibu', '1', NULL),
(5, 'Ayah', '1', NULL),
(6, 'daa2', '1', '2020-07-05 12:31:36');

-- --------------------------------------------------------

--
-- Table structure for table `masterinformasi`
--

CREATE TABLE `masterinformasi` (
  `IdInformasi` int(11) NOT NULL,
  `Judul` varchar(100) DEFAULT NULL,
  `Isi` varchar(500) DEFAULT NULL,
  `LokasiFile` varchar(70) DEFAULT NULL,
  `TanggalDibuat` timestamp NULL DEFAULT CURRENT_TIMESTAMP
) ENGINE=InnoDB DEFAULT CHARSET=latin1;

-- --------------------------------------------------------

--
-- Table structure for table `masterjabatan`
--

CREATE TABLE `masterjabatan` (
  `IdJabatan` int(11) NOT NULL,
  `Jabatan` varchar(100) DEFAULT NULL,
  `Pengkali` double DEFAULT NULL,
  `Grading` int(11) DEFAULT NULL,
  `StatusAktif` char(1) DEFAULT NULL,
  `TanggalDibuat` timestamp NULL DEFAULT CURRENT_TIMESTAMP
) ENGINE=InnoDB DEFAULT CHARSET=latin1;

--
-- Dumping data for table `masterjabatan`
--

INSERT INTO `masterjabatan` (`IdJabatan`, `Jabatan`, `Pengkali`, `Grading`, `StatusAktif`, `TanggalDibuat`) VALUES
(1, 'APOTEKER', 1.5, 100, '1', NULL),
(2, 'BENDAHARA PENERIMAAN', 1, 100, '1', NULL),
(3, 'BENDAHARA PENGELUARAN', 1, 100, '1', NULL),
(4, 'CABANG TATA USAHA', 0.6, 100, '1', NULL),
(5, 'DOKTER', 1.6, 100, '1', NULL),
(6, 'ELEKTROMEDIK', 0.8, 100, '1', NULL),
(7, 'INSTRUKTUR (DIII KEPERAWATAN)', 1, 90, '1', NULL),
(8, 'INSTRUKTUR (PROFESI NERS)', 1.5, 90, '1', NULL),
(9, 'KEPALA SATUAN PELAKSANA PELAYANAN', 1, 100, '1', NULL),
(10, 'KEPALA SATUAN PELAKSANA SUMBER DAYA', 1, 100, '1', NULL),
(11, 'KEPALA SUB BAGIAN TATA USAHA DAN KEUANGAN', 1, 100, '1', NULL),
(12, 'KOMANDAN REGU CALL CENTER AGD', 0.8, 95, '1', NULL),
(13, 'KOMANDAN UNIT (DIII KEPERAWATAN)', 0.8, 95, '1', NULL),
(14, 'KOMANDAN UNIT (PROFESI NERS)', 1.5, 95, '1', NULL),
(15, 'KOMANDAN UNIT GARDA BENCANA', 0.8, 100, '1', NULL),
(16, 'KOMANDAN UNIT NETS (DIII KEPERAWATAN)', 0.8, 100, '1', NULL),
(17, 'KOMANDAN UNIT NETS (PROFESI NERS)', 1.5, 100, '1', NULL),
(18, 'KOMANDAN UNIT REAKSI CEPAT', 0.8, 100, '1', NULL),
(19, 'KOORDINATOR ADMINISTRASI, HUMAS, DATA & INFORMASI', 1, 100, '1', NULL),
(20, 'KOORDINATOR BENGKEL', 1, 100, '1', NULL),
(21, 'KOORDINATOR CALL CENTER AGD', 1, 100, '1', NULL),
(22, 'KOORDINATOR DIKLAT EKSTERNAL', 1, 100, '1', NULL),
(23, 'KOORDINATOR DIKLAT INTERNAL', 1, 100, '1', NULL),
(24, 'KOORDINATOR INFORMASI TEKNOLOGI', 1, 100, '1', NULL),
(25, 'KOORDINATOR KEPEGAWAIAN', 1, 100, '1', NULL),
(26, 'KOORDINATOR KEPERAWATAN', 1, 100, '1', NULL),
(27, 'KOORDINATOR KESELAMATAN, KESEHATAN KERJA & LINGKUNGAN', 1, 100, '1', NULL),
(28, 'KOORDINATOR LOGISTIK', 1, 100, '1', NULL),
(29, 'KOORDINATOR MARKETING', 1, 100, '1', NULL),
(30, 'KOORDINATOR MUTU', 1, 100, '1', NULL),
(31, 'KOORDINATOR OPERASIONAL', 1, 100, '1', NULL),
(32, 'KOORDINATOR PERENCANAAN', 1, 100, '1', NULL),
(33, 'KOORDINATOR RUMAH TANGGA', 1, 100, '1', NULL),
(34, 'KOORDINATOR WILAYAH JAKARTA BARAT', 1, 100, '1', NULL),
(35, 'KOORDINATOR WILAYAH JAKARTA PUSAT', 1, 100, '1', NULL),
(36, 'KOORDINATOR WILAYAH JAKARTA SELATAN', 1, 100, '1', NULL),
(37, 'KOORDINATOR WILAYAH JAKARTA TIMUR', 1, 100, '1', NULL),
(38, 'KOORDINATOR WILAYAH JAKARTA UTARA', 1, 100, '1', NULL),
(39, 'NERS', 1.5, 100, '1', NULL),
(40, 'PELAKSANA OPERASIONAL CALL CENTER AGD', 0.8, 90, '1', NULL),
(41, 'PELAKSANA OPERASIONAL CREW (DIII KEPERAWATAN)', 0.8, 85, '1', NULL),
(42, 'PELAKSANA OPERASIONAL CREW (PROFESI NERS)', 1.5, 85, '1', NULL),
(43, 'PELAKSANA OPERASIONAL GARDA BENCANA', 0.8, 98, '1', NULL),
(44, 'PELAKSANA OPERASIONAL NETS (DIII KEPERAWATAN)', 0.8, 98, '1', NULL),
(45, 'PELAKSANA OPERASIONAL NETS (PROFESI NERS)', 1.5, 98, '1', NULL),
(46, 'PELAKSANA OPERASIONAL PILOT', 0.8, 90, '1', NULL),
(47, 'PELAKSANA OPERASIONAL UNIT REAKSI CEPAT', 0.8, 95, '1', NULL),
(48, 'PENGADMINISTRASI BENGKEL (DII)', 0.7, 100, '1', NULL),
(49, 'PENGADMINISTRASI BENGKEL (SMA SEDERAJAT)', 0.6, 100, '1', NULL),
(50, 'PENGADMINISTRASI CALL CENTER AGD (DII)', 0.7, 100, '1', NULL),
(51, 'PENGADMINISTRASI CALL CENTER AGD (SMA SEDERAJAT)', 0.6, 100, '1', NULL),
(52, 'PENGADMINISTRASI DATA & INFORMASI (DII)', 0.7, 100, '1', NULL),
(53, 'PENGADMINISTRASI DATA & INFORMASI (SMA SEDERAJAT)', 0.6, 100, '1', NULL),
(54, 'PENGADMINISTRASI DIKLAT EKSTERNAL (DII)', 0.7, 100, '1', NULL),
(55, 'PENGADMINISTRASI DIKLAT EKSTERNAL (SMA SEDERAJAT)', 0.6, 100, '1', NULL),
(56, 'PENGADMINISTRASI DIKLAT INTERNAL (DII)', 0.7, 100, '1', NULL),
(57, 'PENGADMINISTRASI DIKLAT INTERNAL (SMA SEDERAJAT)', 0.6, 100, '1', NULL),
(58, 'PENGADMINISTRASI HUMAS (DII)', 0.7, 100, '1', NULL),
(59, 'PENGADMINISTRASI HUMAS (SMA SEDERAJAT)', 0.6, 100, '1', NULL),
(60, 'PENGADMINISTRASI INFORMASI TEKNOLOGI (DII)', 0.7, 100, '1', NULL),
(61, 'PENGADMINISTRASI INFORMASI TEKNOLOGI (SMA SEDERAJAT)', 0.6, 100, '1', NULL),
(62, 'PENGADMINISTRASI KEPEGAWAIAN (DII)', 0.7, 100, '1', NULL),
(63, 'PENGADMINISTRASI KEPEGAWAIAN (SMA SEDERAJAT)', 0.6, 100, '1', NULL),
(64, 'PENGADMINISTRASI KEPERAWATAN', 0.8, 100, '1', NULL),
(65, 'PENGADMINISTRASI KESELAMATAN, KESEHATAN KERJA & LINGKUNGAN (DII)', 0.7, 100, '1', NULL),
(67, 'PENGADMINISTRASI KEUANGAN (DII)', 0.7, 100, '1', NULL),
(68, 'PENGADMINISTRASI KEUANGAN (SMA SEDERAJAT)', 0.6, 100, '1', NULL),
(69, 'PENGADMINISTRASI LOGISTIK (DII)', 0.7, 100, '1', NULL),
(70, 'PENGADMINISTRASI LOGISTIK (SMA SEDERAJAT)', 0.6, 100, '1', NULL),
(71, 'PENGADMINISTRASI MARKETING (DII)', 0.7, 100, '1', NULL),
(72, 'PENGADMINISTRASI MARKETING (SMA SEDERAJAT)', 0.6, 100, '1', NULL),
(73, 'PENGADMINISTRASI MUTU (DII)', 0.7, 100, '1', NULL),
(74, 'PENGADMINISTRASI MUTU (SMA SEDERAJAT)', 0.6, 100, '1', NULL),
(75, 'PENGADMINISTRASI OPERASIONAL (DII)', 0.7, 100, '1', NULL),
(76, 'PENGADMINISTRASI OPERASIONAL (SMA SEDERAJAT)', 0.6, 100, '1', NULL),
(77, 'PENGADMINISTRASI PERENCANAAN (DII)', 0.7, 100, '1', NULL),
(78, 'PENGADMINISTRASI PERENCANAAN (SMA SEDERAJAT)', 0.6, 100, '1', NULL),
(79, 'PENGADMINISTRASI PIMPINAN (DII)', 0.7, 100, '1', NULL),
(80, 'PENGADMINISTRASI PIMPINAN (SMA SEDERAJAT)', 0.6, 100, '1', NULL),
(81, 'PENGADMINISTRASI RUMAH TANGGA (DII)', 0.7, 100, '1', NULL),
(82, 'PENGADMINISTRASI RUMAH TANGGA (SMA SEDERAJAT)', 0.6, 100, '1', NULL),
(83, 'PENGEMUDI', 0.6, 100, '1', NULL),
(84, 'PENGURUS BARANG', 1, 100, '1', NULL),
(85, 'PETUGAS BENGKEL', 0.6, 100, '1', NULL),
(86, 'PETUGAS LOGISTIK (DIII KESEHATAN)', 0.8, 100, '1', NULL),
(87, 'PETUGAS LOGISTIK (SMA SEDERAJAT)', 0.6, 100, '1', NULL),
(88, 'VERIFIKATOR', 1, 100, '1', NULL),
(90, 'a', 1.7, 3, '1', '2020-07-05 16:37:44'),
(92, 'yu4', 2.4, 450, '0', '2020-07-05 16:45:54'),
(93, 'wuu', 9.8, 760, '1', '2020-07-05 16:56:05');

-- --------------------------------------------------------

--
-- Table structure for table `masterjadwalkerja`
--

CREATE TABLE `masterjadwalkerja` (
  `IdPegawai` char(12) NOT NULL,
  `JadwalKerja` date NOT NULL,
  `JenisJadwal` char(1) NOT NULL,
  `IdWaktuKerja` varchar(3) DEFAULT NULL,
  `TanggalDibuat` timestamp NULL DEFAULT CURRENT_TIMESTAMP,
  `IdPegawaiUpload` char(12) DEFAULT NULL,
  `Keterangan` varchar(100) DEFAULT NULL
) ENGINE=InnoDB DEFAULT CHARSET=latin1;

--
-- Dumping data for table `masterjadwalkerja`
--

INSERT INTO `masterjadwalkerja` (`IdPegawai`, `JadwalKerja`, `JenisJadwal`, `IdWaktuKerja`, `TanggalDibuat`, `IdPegawaiUpload`, `Keterangan`) VALUES
('201206020200', '2020-07-02', 'R', 'A', '2020-07-01 02:57:09', '201911020822', NULL),
('201206020200', '2020-07-03', 'R', 'A', '2020-07-01 02:57:09', '201911020822', NULL),
('201206020200', '2020-07-04', 'R', 'C', '2020-07-01 02:57:09', '201911020822', NULL),
('201206020200', '2020-07-05', 'R', 'C', '2020-07-01 02:57:09', '201911020822', NULL),
('201206020200', '2020-07-06', 'R', 'C', '2020-07-01 02:57:09', '201911020822', NULL),
('201206020200', '2020-07-07', 'R', 'CH', '2020-07-01 02:57:09', '201911020822', NULL),
('201206020200', '2020-07-08', 'R', 'CH', '2020-07-01 02:57:09', '201911020822', NULL),
('201206020200', '2020-07-09', 'R', 'D', '2020-07-01 02:57:09', '201911020822', NULL),
('201206020200', '2020-07-10', 'R', 'I', '2020-07-01 02:57:09', '201911020822', NULL),
('201206020200', '2020-07-11', 'R', 'I', '2020-07-01 02:57:09', '201911020822', NULL),
('201206020200', '2020-07-12', 'R', 'I', '2020-07-01 02:57:09', '201911020822', NULL),
('201206020200', '2020-07-13', 'R', 'I', '2020-07-01 02:57:09', '201911020822', NULL),
('201206020200', '2020-07-14', 'R', 'IA', '2020-07-01 02:57:09', '201911020822', NULL),
('201206020200', '2020-07-15', 'R', 'IA', '2020-07-01 02:57:09', '201911020822', NULL),
('201206020200', '2020-07-16', 'R', 'ICH', '2020-07-01 02:57:09', '201911020822', NULL),
('201206020200', '2020-07-17', 'R', 'ICH', '2020-07-01 02:57:09', '201911020822', NULL),
('201206020200', '2020-07-18', 'R', 'CK', '2020-07-01 02:57:09', '201911020822', NULL),
('201206020200', '2020-07-19', 'R', 'IK', '2020-07-01 02:57:09', '201911020822', NULL),
('201206020200', '2020-07-20', 'R', 'IK', '2020-07-01 02:57:09', '201911020822', NULL),
('201206020200', '2020-07-21', 'R', 'SCH', '2020-07-01 02:57:09', '201911020822', NULL),
('201206020200', '2020-07-22', 'R', 'SCH', '2020-07-01 02:57:09', '201911020822', NULL),
('201206020200', '2020-07-23', 'R', 'SCH', '2020-07-01 02:57:09', '201911020822', NULL),
('201206020200', '2020-07-24', 'R', 'SCH', '2020-07-01 02:57:09', '201911020822', NULL),
('201206020200', '2020-07-25', 'R', 'SCH', '2020-07-01 02:57:09', '201911020822', NULL),
('201206020200', '2020-07-26', 'R', 'SS', '2020-07-01 02:57:09', '201911020822', NULL),
('201206020200', '2020-07-27', 'R', 'STS', '2020-07-01 02:57:09', '201911020822', NULL),
('201206020200', '2020-07-28', 'R', 'STS', '2020-07-01 02:57:09', '201911020822', NULL),
('201206020200', '2020-07-29', 'R', 'STS', '2020-07-01 02:57:09', '201911020822', NULL),
('201206020200', '2020-07-30', 'R', 'STS', '2020-07-01 02:57:09', '201911020822', NULL),
('201206020200', '2020-07-31', 'R', 'TL', '2020-07-01 02:57:09', '201911020822', NULL),
('201210010213', '2020-05-01', 'R', 'P', '2020-07-01 02:57:09', '201911020822', ''),
('201210010213', '2020-05-02', 'R', 'L', '2020-07-01 02:57:09', '201911020822', ''),
('201210010213', '2020-05-03', 'R', 'M', '2020-07-01 02:57:09', '201911020822', ''),
('201210010213', '2020-05-04', 'R', 'N', '2020-07-01 02:57:09', '201911020822', ''),
('201210010213', '2020-05-05', 'R', 'NJ', '2020-07-01 02:57:09', '201911020822', ''),
('201210010213', '2020-05-06', 'R', 'SS', '2020-07-01 02:57:09', '201911020822', ''),
('201210010213', '2020-05-07', 'R', 'STS', '2020-07-01 02:57:09', '201911020822', ''),
('201210010213', '2020-05-08', 'R', 'A', '2020-07-01 02:57:09', '201911020822', ''),
('201210010213', '2021-10-01', 'R', 'P', '2020-07-13 07:08:55', '201911020822', ''),
('201210010213', '2021-10-02', 'R', 'L', '2020-07-13 07:08:55', '201911020822', ''),
('201210010213', '2021-10-03', 'R', 'M', '2020-07-13 07:08:55', '201911020822', ''),
('201210010213', '2021-10-04', 'R', 'N', '2020-07-13 07:08:55', '201911020822', ''),
('201210010213', '2021-10-05', 'R', 'NJ', '2020-07-13 07:08:55', '201911020822', ''),
('201210010213', '2021-10-06', 'R', 'SS', '2020-07-13 07:08:55', '201911020822', ''),
('201210010213', '2021-10-07', 'R', 'STS', '2020-07-13 07:08:55', '201911020822', ''),
('201210010213', '2021-10-08', 'R', 'A', '2020-07-13 07:08:55', '201911020822', ''),
('201807010735', '2020-07-02', 'R', 'A', '2020-07-01 02:57:09', '201911020822', NULL),
('201807010735', '2020-07-03', 'R', 'A', '2020-07-01 02:57:09', '201911020822', NULL),
('201807010735', '2020-07-04', 'R', 'C', '2020-07-01 02:57:09', '201911020822', NULL),
('201807010735', '2020-07-05', 'R', 'C', '2020-07-01 02:57:09', '201911020822', NULL),
('201807010735', '2020-07-06', 'R', 'C', '2020-07-01 02:57:09', '201911020822', NULL),
('201807010735', '2020-07-07', 'R', 'CH', '2020-07-01 02:57:09', '201911020822', NULL),
('201807010735', '2020-07-08', 'R', 'CH', '2020-07-01 02:57:09', '201911020822', NULL),
('201807010735', '2020-07-09', 'R', 'D', '2020-07-01 02:57:09', '201911020822', NULL),
('201807010735', '2020-07-10', 'R', 'I', '2020-07-01 02:57:09', '201911020822', NULL),
('201807010735', '2020-07-11', 'R', 'I', '2020-07-01 02:57:09', '201911020822', NULL),
('201807010735', '2020-07-12', 'R', 'I', '2020-07-01 02:57:09', '201911020822', NULL),
('201807010735', '2020-07-13', 'R', 'I', '2020-07-01 02:57:09', '201911020822', NULL),
('201807010735', '2020-07-14', 'R', 'IA', '2020-07-01 02:57:09', '201911020822', NULL),
('201807010735', '2020-07-15', 'R', 'IA', '2020-07-01 02:57:09', '201911020822', NULL),
('201807010735', '2020-07-16', 'R', 'ICH', '2020-07-01 02:57:09', '201911020822', NULL),
('201807010735', '2020-07-17', 'R', 'ICH', '2020-07-01 02:57:09', '201911020822', NULL),
('201807010735', '2020-07-18', 'R', 'CK', '2020-07-01 02:57:09', '201911020822', NULL),
('201807010735', '2020-07-19', 'R', 'IK', '2020-07-01 02:57:09', '201911020822', NULL),
('201807010735', '2020-07-20', 'R', 'IK', '2020-07-01 02:57:09', '201911020822', NULL),
('201807010735', '2020-07-21', 'R', 'SCH', '2020-07-01 02:57:09', '201911020822', NULL),
('201807010735', '2020-07-22', 'R', 'SCH', '2020-07-01 02:57:09', '201911020822', NULL),
('201807010735', '2020-07-23', 'R', 'SCH', '2020-07-01 02:57:09', '201911020822', NULL),
('201807010735', '2020-07-24', 'R', 'SCH', '2020-07-01 02:57:09', '201911020822', NULL),
('201807010735', '2020-07-25', 'R', 'SCH', '2020-07-01 02:57:09', '201911020822', NULL),
('201807010735', '2020-07-26', 'R', 'SS', '2020-07-01 02:57:09', '201911020822', NULL),
('201807010735', '2020-07-27', 'R', 'STS', '2020-07-01 02:57:09', '201911020822', NULL),
('201807010735', '2020-07-28', 'R', 'STS', '2020-07-01 02:57:09', '201911020822', NULL),
('201807010735', '2020-07-29', 'R', 'STS', '2020-07-01 02:57:09', '201911020822', NULL),
('201807010735', '2020-07-30', 'R', 'STS', '2020-07-01 02:57:09', '201911020822', NULL),
('201807010735', '2020-07-31', 'R', 'TL', '2020-07-01 02:57:09', '201911020822', NULL),
('201911020822', '2020-05-01', 'R', 'M', '2020-07-01 02:57:09', '201911020822', ''),
('201911020822', '2020-05-02', 'R', 'P', '2020-07-01 02:57:09', '201911020822', ''),
('201911020822', '2020-05-03', 'R', 'L', '2020-07-01 02:57:09', '201911020822', ''),
('201911020822', '2020-05-04', 'R', 'N', '2020-07-01 02:57:09', '201911020822', ''),
('201911020822', '2020-05-05', 'R', 'NJ', '2020-07-01 02:57:09', '201911020822', ''),
('201911020822', '2020-05-06', 'R', 'SS', '2020-07-01 02:57:09', '201911020822', ''),
('201911020822', '2020-05-07', 'R', 'STS', '2020-07-01 02:57:09', '201911020822', ''),
('201911020822', '2020-05-08', 'R', 'A', '2020-07-01 02:57:09', '201911020822', ''),
('201911020822', '2020-06-02', 'R', 'P', '2020-06-30 01:22:55', '@tglawal', NULL),
('201911020822', '2020-06-03', 'R', 'P', '2020-06-30 01:22:55', '@tglawal', NULL),
('201911020822', '2020-06-04', 'R', 'P', '2020-06-30 01:22:55', '@tglawal', NULL),
('201911020822', '2020-06-05', 'R', 'P', '2020-06-30 01:22:55', '@tglawal', NULL),
('201911020822', '2020-06-06', 'R', 'P', '2020-06-30 01:22:55', '@tglawal', NULL),
('201911020822', '2020-06-07', 'R', 'P', '2020-06-30 01:22:55', '@tglawal', NULL),
('201911020822', '2020-06-08', 'R', 'P', '2020-06-30 01:22:55', '@tglawal', NULL),
('201911020822', '2020-06-09', 'R', 'P', '2020-06-30 01:22:55', '@tglawal', NULL),
('201911020822', '2020-06-10', 'R', 'P', '2020-06-30 01:22:55', '@tglawal', NULL),
('201911020822', '2020-06-11', 'R', 'P', '2020-06-30 01:22:55', '@tglawal', NULL),
('201911020822', '2020-06-12', 'R', 'P', '2020-06-30 01:22:55', '@tglawal', NULL),
('201911020822', '2020-06-13', 'R', 'P', '2020-06-30 01:22:55', '@tglawal', NULL),
('201911020822', '2020-06-14', 'R', 'P', '2020-06-30 01:22:55', '@tglawal', NULL),
('201911020822', '2020-06-15', 'R', 'P', '2020-06-30 01:22:55', '@tglawal', NULL),
('201911020822', '2020-06-16', 'R', 'P', '2020-06-30 01:22:55', '@tglawal', NULL),
('201911020822', '2020-06-17', 'R', 'P', '2020-06-30 01:22:55', '@tglawal', NULL),
('201911020822', '2020-06-18', 'R', 'P', '2020-06-30 01:22:55', '@tglawal', NULL),
('201911020822', '2020-06-19', 'R', 'P', '2020-06-30 01:22:55', '@tglawal', NULL),
('201911020822', '2020-06-20', 'R', 'P', '2020-06-30 01:22:55', '@tglawal', NULL),
('201911020822', '2020-06-21', 'R', 'P', '2020-06-30 01:22:55', '@tglawal', NULL),
('201911020822', '2020-06-22', 'R', 'IA', '2020-06-30 01:22:55', '@tglawal', NULL),
('201911020822', '2020-06-23', 'R', 'I', '2020-06-30 01:22:55', '@tglawal', NULL),
('201911020822', '2020-06-24', 'R', 'SCH', '2020-06-30 01:22:55', '@tglawal', NULL),
('201911020822', '2020-06-25', 'R', 'ICH', '2020-06-30 01:22:55', '@tglawal', NULL),
('201911020822', '2020-06-26', 'R', 'SS', '2020-06-30 01:22:55', '@tglawal', NULL),
('201911020822', '2020-06-27', 'R', 'SS', '2020-06-30 01:22:55', '@tglawal', NULL),
('201911020822', '2020-06-28', 'R', 'STS', '2020-06-30 01:22:55', '@tglawal', NULL),
('201911020822', '2020-06-29', 'R', 'A', '2020-06-30 01:22:55', '@tglawal', NULL),
('201911020822', '2020-06-30', 'R', 'I', '2020-06-30 01:22:55', '@tglawal', NULL),
('201911020822', '2020-07-01', 'R', 'IA', '2020-06-30 01:22:55', '@tglawal', NULL),
('201911020822', '2020-07-02', 'R', 'A', '2020-07-01 02:57:09', '201911020822', NULL),
('201911020822', '2020-07-03', 'R', 'A', '2020-07-01 02:57:09', '201911020822', NULL),
('201911020822', '2020-07-04', 'R', 'C', '2020-07-01 02:57:09', '201911020822', NULL),
('201911020822', '2020-07-05', 'R', 'C', '2020-07-01 02:57:09', '201911020822', NULL),
('201911020822', '2020-07-06', 'R', 'C', '2020-07-01 02:57:09', '201911020822', NULL),
('201911020822', '2020-07-07', 'R', 'CH', '2020-07-01 02:57:09', '201911020822', NULL),
('201911020822', '2020-07-08', 'R', 'CH', '2020-07-01 02:57:09', '201911020822', NULL),
('201911020822', '2020-07-09', 'R', 'D', '2020-07-01 02:57:09', '201911020822', NULL),
('201911020822', '2020-07-10', 'R', 'I', '2020-07-01 02:57:09', '201911020822', NULL),
('201911020822', '2020-07-11', 'R', 'I', '2020-07-01 02:57:09', '201911020822', NULL),
('201911020822', '2020-07-12', 'R', 'I', '2020-07-01 02:57:09', '201911020822', NULL),
('201911020822', '2020-07-13', 'R', 'I', '2020-07-01 02:57:09', '201911020822', NULL),
('201911020822', '2020-07-14', 'R', 'IA', '2020-07-01 02:57:09', '201911020822', NULL),
('201911020822', '2020-07-15', 'R', 'IA', '2020-07-01 02:57:09', '201911020822', NULL),
('201911020822', '2020-07-16', 'R', 'ICH', '2020-07-01 02:57:09', '201911020822', NULL),
('201911020822', '2020-07-17', 'R', 'ICH', '2020-07-01 02:57:09', '201911020822', NULL),
('201911020822', '2020-07-18', 'R', 'CK', '2020-07-01 02:57:09', '201911020822', NULL),
('201911020822', '2020-07-19', 'R', 'IK', '2020-07-01 02:57:09', '201911020822', NULL),
('201911020822', '2020-07-20', 'R', 'IK', '2020-07-01 02:57:09', '201911020822', NULL),
('201911020822', '2020-07-21', 'R', 'SCH', '2020-07-01 02:57:09', '201911020822', NULL),
('201911020822', '2020-07-22', 'R', 'SCH', '2020-07-01 02:57:09', '201911020822', NULL),
('201911020822', '2020-07-23', 'R', 'SCH', '2020-07-01 02:57:09', '201911020822', NULL),
('201911020822', '2020-07-24', 'R', 'SCH', '2020-07-01 02:57:09', '201911020822', NULL),
('201911020822', '2020-07-25', 'R', 'SCH', '2020-07-01 02:57:09', '201911020822', NULL),
('201911020822', '2020-07-26', 'R', 'SS', '2020-07-01 02:57:09', '201911020822', NULL),
('201911020822', '2020-07-27', 'R', 'STS', '2020-07-01 02:57:09', '201911020822', NULL),
('201911020822', '2020-07-28', 'R', 'STS', '2020-07-01 02:57:09', '201911020822', NULL),
('201911020822', '2020-07-29', 'R', 'STS', '2020-07-01 02:57:09', '201911020822', NULL),
('201911020822', '2020-07-30', 'R', 'STS', '2020-07-01 02:57:09', '201911020822', NULL),
('201911020822', '2020-07-31', 'R', 'TL', '2020-07-01 02:57:09', '201911020822', NULL),
('201911020822', '2021-10-01', 'R', 'M', '2020-07-13 07:08:55', '201911020822', ''),
('201911020822', '2021-10-02', 'R', 'P', '2020-07-13 07:08:55', '201911020822', ''),
('201911020822', '2021-10-03', 'R', 'L', '2020-07-13 07:08:55', '201911020822', ''),
('201911020822', '2021-10-04', 'R', 'N', '2020-07-13 07:08:55', '201911020822', ''),
('201911020822', '2021-10-05', 'R', 'NJ', '2020-07-13 07:08:55', '201911020822', ''),
('201911020822', '2021-10-06', 'R', 'SS', '2020-07-13 07:08:55', '201911020822', ''),
('201911020822', '2021-10-07', 'R', 'STS', '2020-07-13 07:08:55', '201911020822', ''),
('201911020822', '2021-10-08', 'R', 'A', '2020-07-13 07:08:55', '201911020822', '');

-- --------------------------------------------------------

--
-- Table structure for table `masterjenisberkas`
--

CREATE TABLE `masterjenisberkas` (
  `IdJenisBerkas` int(11) NOT NULL,
  `JenisBerkas` varchar(15) NOT NULL,
  `StatusEnabled` char(1) NOT NULL
) ENGINE=InnoDB DEFAULT CHARSET=latin1;

-- --------------------------------------------------------

--
-- Table structure for table `masterjenisjamkerja`
--

CREATE TABLE `masterjenisjamkerja` (
  `IdJenisJamKerja` int(11) NOT NULL,
  `JenisJamKerja` varchar(10) DEFAULT NULL,
  `StatusAktif` char(1) DEFAULT NULL
) ENGINE=InnoDB DEFAULT CHARSET=latin1;

--
-- Dumping data for table `masterjenisjamkerja`
--

INSERT INTO `masterjenisjamkerja` (`IdJenisJamKerja`, `JenisJamKerja`, `StatusAktif`) VALUES
(1, 'Shift', '1'),
(2, 'Non Shift', '1');

-- --------------------------------------------------------

--
-- Table structure for table `masterkinerjapegawai`
--

CREATE TABLE `masterkinerjapegawai` (
  `IdKinerja` char(10) NOT NULL,
  `IdPegawai` char(12) NOT NULL,
  `TanggalKinerja` date DEFAULT NULL,
  `IdAktivitas` int(11) DEFAULT NULL,
  `JamMulai` time DEFAULT NULL,
  `JamSelesai` time DEFAULT NULL,
  `Keterangan` longtext,
  `StatusValidasi` char(1) DEFAULT NULL,
  `TanggalInput` timestamp NULL DEFAULT CURRENT_TIMESTAMP
) ENGINE=InnoDB DEFAULT CHARSET=latin1;

--
-- Dumping data for table `masterkinerjapegawai`
--

INSERT INTO `masterkinerjapegawai` (`IdKinerja`, `IdPegawai`, `TanggalKinerja`, `IdAktivitas`, `JamMulai`, `JamSelesai`, `Keterangan`, `StatusValidasi`, `TanggalInput`) VALUES
('2006010001', '201911020822', '2020-06-01', 17, '08:00:00', '11:30:00', 'Juni', '1', '2020-07-11 19:53:58'),
('2006020001', '201911020822', '2020-06-02', 1, '11:00:00', '13:45:00', 'ii', '0', '2020-07-11 19:55:45'),
('2007010001', '201911020822', '2020-07-01', 3, '10:00:00', '12:00:00', 'c', '1', '2020-07-09 08:33:42'),
('2007010002', '201807010735', '2020-07-01', 3, '08:00:00', '09:20:00', 'a', '0', '2020-07-10 02:23:33'),
('2007060001', '201911020822', '2020-07-06', 1, '12:00:00', '15:00:00', '', '0', '2020-07-11 20:28:02'),
('2007090001', '201911020822', '2020-07-09', 7, '12:00:00', '13:00:00', 'a', '0', '2020-07-13 05:24:56'),
('2007130001', '202007010836', '2020-07-13', 3, '08:00:00', '09:35:00', 'a', '1', '2020-07-13 04:48:41'),
('2007130002', '202007010839', '2020-07-13', 77, '09:00:00', '11:30:00', 'ekin', '1', '2020-07-13 07:01:29');

-- --------------------------------------------------------

--
-- Table structure for table `masterlogin`
--

CREATE TABLE `masterlogin` (
  `IdPegawai` char(12) NOT NULL,
  `IdHakAkses` int(11) DEFAULT NULL,
  `Password` varchar(100) DEFAULT NULL,
  `StatusAktif` char(1) DEFAULT NULL,
  `TerakhirLogin` datetime DEFAULT NULL,
  `TanggalDibuat` timestamp NULL DEFAULT CURRENT_TIMESTAMP,
  `KeteranganDivisi` varchar(20) DEFAULT NULL
) ENGINE=InnoDB DEFAULT CHARSET=latin1;

--
-- Dumping data for table `masterlogin`
--

INSERT INTO `masterlogin` (`IdPegawai`, `IdHakAkses`, `Password`, `StatusAktif`, `TerakhirLogin`, `TanggalDibuat`, `KeteranganDivisi`) VALUES
('201206020200', 6, '$2y$10$5ynhYhKcdUds/P5TefgBROLDNJK7JnI9lmhJ24uRV2axEZBfKCpV.', '1', '2020-07-13 14:29:16', '2020-07-07 07:46:33', NULL),
('201210010209', 6, '$2y$10$5ynhYhKcdUds/P5TefgBROLDNJK7JnI9lmhJ24uRV2axEZBfKCpV.', '1', NULL, '2020-07-07 07:47:01', NULL),
('201807010735', 6, '$2y$10$5ynhYhKcdUds/P5TefgBROLDNJK7JnI9lmhJ24uRV2axEZBfKCpV.', '1', '2020-07-10 09:47:22', '2020-07-10 02:17:16', NULL),
('201911020822', 6, '$2y$10$tKtev0XdXIoXBrlPsMMAV.nar3BuH4KXbaNYr0rl3TuRz07Yg7StG', '1', '2020-07-14 08:24:34', NULL, NULL),
('202006010824', 7, '$2y$10$5ynhYhKcdUds/P5TefgBROLDNJK7JnI9lmhJ24uRV2axEZBfKCpV.', '1', '2020-07-08 20:11:21', NULL, NULL),
('202006020825', 6, '$2y$10$iZO3RTZ8xTTVSwxAWVfe4.9TosSYl6kFVTldbVYbrbEgNI.ZynwYe', NULL, NULL, NULL, NULL),
('202006020826', 6, '$2y$10$5ynhYhKcdUds/P5TefgBROLDNJK7JnI9lmhJ24uRV2axEZBfKCpV.', '1', NULL, NULL, NULL),
('202007010828', NULL, '$2y$10$8HZrfGC3g5IW3XIlJqgpgOZ0OmVuOTAOIvTD5mXoYtZ3ONx3c8Z/y', '1', '2020-07-03 08:33:10', NULL, NULL),
('202007010829', NULL, '$2y$10$hAZIuNZ8oUew7asVYhtsn.4ZNevb9JPpwoBeNQsO4vxu/.zerlv9S', '1', NULL, NULL, NULL),
('202007010830', NULL, '$2y$10$jAXGDCZ9iBcrWX/VmUVXPOsfzAsYOlt7KHnei99fg1Hjz4kOJqNJ.', '1', NULL, NULL, NULL),
('202007010832', NULL, '$2y$10$Z5ZDe7pNxWUU4pxrKSc48eu8u5iFQVNUpJJSURAWz0pXUhVcLMKma', '1', NULL, NULL, NULL),
('202007010834', 6, '$2y$10$1.6d36fznJNX9.Bhcn8q9.G5ib7hVqtoYXCh4z61fvEQdGssqx2Ii', '1', NULL, NULL, NULL),
('202007010836', 6, '$2y$10$eXWwFmJ4FBdHKEOZ5g3R3OqlqZjnwY.vkUo3ETW0E6Cor.KpBRwhW', '1', '2020-07-13 11:45:26', '2020-07-13 04:44:34', NULL),
('202007010838', 6, '$2y$10$u8kQHQhn/gSH6Xx40BmbEuV.SwOjsReiaPPR.yq1uN2qcv3i1YFmO', '1', NULL, '2020-07-13 05:11:51', NULL),
('202007010839', 6, '$2y$10$83Lti9AEXxJquK2YiRKuM.oGECh5jIfDQtPnFUFTfPaPNjbuyPSci', '1', '2020-07-13 14:04:01', '2020-07-13 06:56:59', NULL),
('202007020831', NULL, '$2y$10$HNc9gk.C0bNNk.XoRKkyaebUNQdugMTkAx/Khb2wvzFrfASCWu1zK', '1', NULL, NULL, NULL),
('202007020833', NULL, '$2y$10$wp558ZSDaMMvttHlo5pI6eZrDX84bK34iEWxGC/K3CvBE4amQvXAa', '1', NULL, NULL, NULL),
('202007020835', 6, '$2y$10$6B/Ykae54FS8JWWN/mZxWOCSs46W4ykVWHp.9oXBHSE19kBzvxbWu', '1', '2020-07-05 22:37:30', '2020-07-05 15:35:33', NULL),
('202007020837', 6, '$2y$10$oHOGJETccji4BBJE.n3gwOPW3M94G44QbxCpOrUr3MIIJ2LVqVLCS', '1', '2020-07-13 12:09:09', '2020-07-13 05:08:56', NULL),
('DEX000000001', 5, NULL, NULL, NULL, NULL, 'DikExt - Ayu'),
('DIN000000001', 4, NULL, NULL, NULL, NULL, 'DikInt-Ayu'),
('KEU000000001', 3, NULL, NULL, NULL, NULL, 'Keu - Ayu'),
('KPG000000001', 2, '$2y$10$5ynhYhKcdUds/P5TefgBROLDNJK7JnI9lmhJ24uRV2axEZBfKCpV.', '1', '2020-07-13 14:43:11', NULL, 'Kep - Lutfi'),
('WEB000000001', 8, NULL, NULL, NULL, NULL, 'Web - Tessa');

-- --------------------------------------------------------

--
-- Table structure for table `mastermappingaktivitas`
--

CREATE TABLE `mastermappingaktivitas` (
  `IdMappingAktivitas` int(11) NOT NULL,
  `IdPegawai` char(12) NOT NULL,
  `IdAktivitas` int(11) NOT NULL,
  `TanggalDibuat` timestamp NULL DEFAULT CURRENT_TIMESTAMP
) ENGINE=InnoDB DEFAULT CHARSET=latin1;

--
-- Dumping data for table `mastermappingaktivitas`
--

INSERT INTO `mastermappingaktivitas` (`IdMappingAktivitas`, `IdPegawai`, `IdAktivitas`, `TanggalDibuat`) VALUES
(1, '201807010735', 3, NULL),
(4, '201807010735', 1, '2020-07-07 16:49:01'),
(5, '201807010735', 31, '2020-07-07 16:51:29'),
(6, '201807010735', 55, '2020-07-07 17:03:37'),
(7, '201807010735', 18, '2020-07-08 02:48:04'),
(8, '201807010735', 4, '2020-07-08 06:19:14'),
(14, '201911020822', 3, '2020-07-08 14:01:21'),
(15, '201911020822', 7, '2020-07-09 06:46:14'),
(16, '202007010839', 3, '2020-07-13 07:06:51');

-- --------------------------------------------------------

--
-- Table structure for table `mastermenu`
--

CREATE TABLE `mastermenu` (
  `IdMenu` int(11) NOT NULL,
  `Menu` varchar(200) DEFAULT NULL
) ENGINE=InnoDB DEFAULT CHARSET=latin1;

--
-- Dumping data for table `mastermenu`
--

INSERT INTO `mastermenu` (`IdMenu`, `Menu`) VALUES
(1, 'administrator'),
(2, 'kepegawaian'),
(3, 'keuangan'),
(4, 'diklatinternal'),
(5, 'diklateksternal'),
(6, 'ekinerja'),
(7, 'humas'),
(8, 'marketing'),
(9, 'datin'),
(10, 'webadmin'),
(11, 'penilaian');

-- --------------------------------------------------------

--
-- Table structure for table `mastermenudropdown`
--

CREATE TABLE `mastermenudropdown` (
  `IdMenuDropdown` int(11) NOT NULL,
  `MenuDropdown` varchar(100) DEFAULT NULL
) ENGINE=InnoDB DEFAULT CHARSET=latin1;

--
-- Dumping data for table `mastermenudropdown`
--

INSERT INTO `mastermenudropdown` (`IdMenuDropdown`, `MenuDropdown`) VALUES
(1, 'Dashboard Kepegawaian'),
(2, 'Master Data Utama'),
(3, 'Master Data Penunjang'),
(4, 'Finger Print'),
(5, 'Laporan'),
(6, 'Jadwal Kerja'),
(7, 'Informasi Kepegawaian'),
(8, 'Hak Akses'),
(9, 'Akun Kepegawaian'),
(10, 'Dashboard E-Kinerja'),
(11, 'Personal'),
(12, 'Pendapatan'),
(13, 'Kehadiran'),
(14, 'Kinerja'),
(15, 'Akun E-Kinerja'),
(16, 'Penilaian');

-- --------------------------------------------------------

--
-- Table structure for table `mastermesinfingerprint`
--

CREATE TABLE `mastermesinfingerprint` (
  `IPMesin` varchar(15) NOT NULL,
  `NamaMesin` varchar(100) DEFAULT NULL,
  `LokasiMesin` varchar(100) DEFAULT NULL,
  `StatusAktif` char(1) DEFAULT NULL,
  `StatusKoneksi` varchar(100) DEFAULT NULL
) ENGINE=InnoDB DEFAULT CHARSET=latin1;

--
-- Dumping data for table `mastermesinfingerprint`
--

INSERT INTO `mastermesinfingerprint` (`IPMesin`, `NamaMesin`, `LokasiMesin`, `StatusAktif`, `StatusKoneksi`) VALUES
('10.15.162.226', 'ts', 'b2', '1', 'tidak konek 09/07/2020 20:20:05');

-- --------------------------------------------------------

--
-- Table structure for table `masterpegawai`
--

CREATE TABLE `masterpegawai` (
  `IdPegawai` char(12) NOT NULL,
  `NIK` char(16) DEFAULT NULL,
  `NomorHandKey` varchar(10) DEFAULT NULL,
  `NamaLengkap` varchar(50) DEFAULT NULL,
  `GelarDepan` varchar(15) DEFAULT NULL,
  `GelarBelakang` varchar(15) DEFAULT NULL,
  `JenisKelamin` char(1) DEFAULT NULL,
  `TempatLahir` varchar(50) DEFAULT NULL,
  `TanggalLahir` date DEFAULT NULL,
  `Email` varchar(100) DEFAULT NULL,
  `NomorHandphone` varchar(13) DEFAULT NULL,
  `GolonganDarah` varchar(2) DEFAULT NULL,
  `IdStatusPerkawinan` int(11) DEFAULT NULL,
  `IdAgama` int(11) DEFAULT NULL,
  `NomorTelepon` varchar(13) DEFAULT NULL,
  `NomorKK` varchar(16) DEFAULT NULL,
  `NomorNPWP` varchar(20) DEFAULT NULL,
  `NomorBPJSKetenagakerjaan` varchar(15) DEFAULT NULL,
  `NomorBPJSKesehatan` varchar(15) DEFAULT NULL,
  `NomorRekening` varchar(50) DEFAULT NULL,
  `NomorSimA` varchar(20) DEFAULT NULL,
  `NomorSimC` varchar(20) DEFAULT NULL,
  `LokasiFoto` varchar(50) DEFAULT NULL,
  `MulaiKerja` date DEFAULT NULL,
  `TanggalPensiun` date DEFAULT NULL,
  `IdStatusPegawai` int(11) DEFAULT NULL,
  `IdUnitKerja` int(11) DEFAULT NULL,
  `IdJabatan` int(11) DEFAULT NULL,
  `IdJenisJamKerja` int(11) DEFAULT NULL,
  `IdMasaKerja` int(11) DEFAULT NULL,
  `IdJabatanAtasan` int(11) DEFAULT NULL,
  `StatusAktif` char(1) DEFAULT NULL,
  `TanggalDibuat` timestamp NULL DEFAULT CURRENT_TIMESTAMP,
  `TanggalPenyesuaianIjazah` date DEFAULT NULL
) ENGINE=InnoDB DEFAULT CHARSET=latin1;

--
-- Dumping data for table `masterpegawai`
--

INSERT INTO `masterpegawai` (`IdPegawai`, `NIK`, `NomorHandKey`, `NamaLengkap`, `GelarDepan`, `GelarBelakang`, `JenisKelamin`, `TempatLahir`, `TanggalLahir`, `Email`, `NomorHandphone`, `GolonganDarah`, `IdStatusPerkawinan`, `IdAgama`, `NomorTelepon`, `NomorKK`, `NomorNPWP`, `NomorBPJSKetenagakerjaan`, `NomorBPJSKesehatan`, `NomorRekening`, `NomorSimA`, `NomorSimC`, `LokasiFoto`, `MulaiKerja`, `TanggalPensiun`, `IdStatusPegawai`, `IdUnitKerja`, `IdJabatan`, `IdJenisJamKerja`, `IdMasaKerja`, `IdJabatanAtasan`, `StatusAktif`, `TanggalDibuat`, `TanggalPenyesuaianIjazah`) VALUES
('201206020200', '5', '3641', 'Lusi Aprianti', '', '', 'P', 'Bandung', '1984-04-26', NULL, '85782723346', '', 2, NULL, '', '3275082704160000', '49.332.093.1-432.000', '', '', '', '', '', '', '2005-11-01', NULL, 2, NULL, 24, 1, NULL, 11, '1', NULL, NULL),
('201210010209', '3', '2427', 'Hendy Purnama', '', '', 'L', 'Jakarta', NULL, NULL, '81294418199', '', 2, NULL, '', '3216010804074570', '46.829.112.5-432.000', '', '', '', '', '', '', '2010-11-01', NULL, 2, NULL, 11, 2, NULL, NULL, '1', NULL, NULL),
('201210010213', '4', '3620', 'Monang Revindo Lubis', '', '', 'L', 'Perumnas B.6', NULL, NULL, '81288894774', '', 1, NULL, '', '3175040710100043', '70.465.219.7-008.000', '', '', '', '', '', '', '2019-11-01', NULL, 2, NULL, 2, 1, NULL, NULL, '1', NULL, NULL),
('201807010735', '2', '2457', 'Lutfi Marharja', '', 'Amd.Kep', 'L', 'Jakarta', NULL, NULL, '81386240031', 'O', 1, NULL, '218729751', '3175090901099818', '85.069.412.6-009.000', '0002142994184', '', '522.23.13347.6', '', '', '', '2019-11-01', NULL, 1, NULL, 60, 2, NULL, 24, '1', NULL, NULL),
('201911020822', '1', '2914', 'Sri Ayu Wulandari', 'S.Kom', '', 'P', 'Jakarta', '1996-10-03', 'a@mail.com', '88', 'O', 1, NULL, '218784504', '', '', '', '', '', '', '', '', '2019-11-01', NULL, 2, NULL, 60, 1, NULL, 24, '1', NULL, NULL),
('202006010824', NULL, NULL, 'Gelas', NULL, NULL, '1', NULL, NULL, NULL, NULL, NULL, NULL, NULL, NULL, NULL, NULL, NULL, NULL, NULL, NULL, NULL, NULL, NULL, NULL, NULL, NULL, NULL, NULL, NULL, NULL, '1', '2020-06-29 15:14:28', NULL),
('202006020823', NULL, NULL, 'AYU', NULL, NULL, '2', NULL, NULL, NULL, NULL, NULL, NULL, NULL, NULL, NULL, NULL, NULL, NULL, NULL, NULL, NULL, NULL, NULL, NULL, NULL, NULL, NULL, NULL, NULL, NULL, '1', '2020-06-24 00:51:38', NULL),
('202006020825', NULL, NULL, 'Kaca', NULL, NULL, '2', NULL, NULL, NULL, NULL, NULL, NULL, NULL, NULL, NULL, NULL, NULL, NULL, NULL, NULL, NULL, NULL, NULL, NULL, NULL, NULL, NULL, NULL, NULL, NULL, '1', '2020-06-29 15:16:20', NULL),
('202006020826', NULL, NULL, 'Gunting', NULL, NULL, '2', NULL, NULL, NULL, NULL, NULL, NULL, NULL, NULL, NULL, NULL, NULL, NULL, NULL, NULL, NULL, NULL, NULL, NULL, NULL, NULL, NULL, NULL, NULL, NULL, '1', '2020-06-29 15:17:38', NULL),
('202007010827', NULL, NULL, 'Samsung', NULL, NULL, '1', NULL, NULL, NULL, NULL, NULL, NULL, NULL, NULL, NULL, NULL, NULL, NULL, NULL, NULL, NULL, NULL, NULL, NULL, NULL, NULL, NULL, NULL, NULL, NULL, '1', '2020-07-01 02:23:59', NULL),
('202007010828', NULL, NULL, 'Samsung', NULL, NULL, '1', NULL, NULL, NULL, NULL, NULL, NULL, NULL, NULL, NULL, NULL, NULL, NULL, NULL, NULL, NULL, NULL, NULL, NULL, NULL, NULL, NULL, NULL, NULL, NULL, '1', '2020-07-01 02:24:59', NULL),
('202007010829', NULL, NULL, 'Kulo', NULL, NULL, '1', NULL, NULL, NULL, NULL, NULL, NULL, NULL, NULL, NULL, NULL, NULL, NULL, NULL, NULL, NULL, NULL, NULL, NULL, NULL, NULL, NULL, NULL, NULL, NULL, '1', '2020-07-05 15:08:56', NULL),
('202007010830', NULL, NULL, 'Tuku', NULL, NULL, '1', NULL, NULL, NULL, NULL, NULL, NULL, NULL, NULL, NULL, NULL, NULL, NULL, NULL, NULL, NULL, NULL, NULL, NULL, NULL, NULL, NULL, NULL, NULL, NULL, '1', '2020-07-05 15:12:05', NULL),
('202007010832', NULL, NULL, 'Mukena', NULL, NULL, 'L', NULL, NULL, NULL, NULL, NULL, NULL, NULL, NULL, NULL, NULL, NULL, NULL, NULL, NULL, NULL, NULL, NULL, NULL, NULL, NULL, NULL, NULL, NULL, NULL, '1', '2020-07-05 15:13:57', NULL),
('202007010834', NULL, NULL, 'Good Day', NULL, NULL, 'L', NULL, NULL, NULL, NULL, NULL, NULL, NULL, NULL, NULL, NULL, NULL, NULL, NULL, NULL, NULL, NULL, NULL, NULL, NULL, NULL, NULL, NULL, NULL, NULL, '1', '2020-07-05 15:30:42', NULL),
('202007010836', NULL, NULL, 'Mas Agus Rahmat Musalim', NULL, NULL, 'L', NULL, NULL, NULL, NULL, NULL, NULL, NULL, NULL, NULL, NULL, NULL, NULL, NULL, NULL, NULL, NULL, NULL, NULL, NULL, NULL, NULL, NULL, NULL, 24, '1', '2020-07-13 04:44:34', NULL),
('202007010838', NULL, NULL, 'vindo', NULL, NULL, 'L', NULL, NULL, NULL, NULL, NULL, NULL, NULL, NULL, NULL, NULL, NULL, NULL, NULL, NULL, NULL, NULL, NULL, NULL, NULL, NULL, NULL, NULL, NULL, 24, '1', '2020-07-13 05:11:51', NULL),
('202007010839', NULL, NULL, 'agus', NULL, NULL, 'L', NULL, NULL, NULL, NULL, NULL, NULL, NULL, NULL, NULL, NULL, NULL, NULL, NULL, NULL, NULL, NULL, NULL, NULL, NULL, NULL, NULL, NULL, NULL, 24, '1', '2020-07-13 06:56:59', NULL),
('202007020831', NULL, NULL, 'Sisir', NULL, NULL, 'P', NULL, NULL, NULL, NULL, NULL, NULL, NULL, NULL, NULL, NULL, NULL, NULL, NULL, NULL, NULL, NULL, NULL, NULL, NULL, NULL, NULL, NULL, NULL, NULL, '1', '2020-07-05 15:13:35', NULL),
('202007020833', NULL, NULL, 'Payung', NULL, NULL, 'P', NULL, NULL, NULL, NULL, NULL, NULL, NULL, NULL, NULL, NULL, NULL, NULL, NULL, NULL, NULL, NULL, NULL, NULL, NULL, NULL, NULL, NULL, NULL, NULL, '1', '2020-07-05 15:27:22', NULL),
('202007020835', NULL, NULL, 'harvest', NULL, NULL, 'P', NULL, NULL, NULL, NULL, NULL, NULL, NULL, NULL, NULL, NULL, NULL, NULL, NULL, NULL, NULL, NULL, NULL, NULL, NULL, NULL, NULL, NULL, NULL, NULL, '1', '2020-07-05 15:35:33', NULL),
('202007020837', NULL, NULL, 'Dini', NULL, NULL, 'P', NULL, NULL, NULL, NULL, NULL, NULL, NULL, NULL, NULL, NULL, NULL, NULL, NULL, NULL, NULL, NULL, NULL, NULL, NULL, NULL, NULL, NULL, NULL, NULL, '1', '2020-07-13 05:08:56', NULL);

-- --------------------------------------------------------

--
-- Table structure for table `masterpendidikanformal`
--

CREATE TABLE `masterpendidikanformal` (
  `IdPendidikanFormal` int(11) NOT NULL,
  `PendidikanFormal` varchar(30) DEFAULT NULL,
  `StatusAktif` char(1) DEFAULT NULL,
  `TanggalDibuat` timestamp NULL DEFAULT CURRENT_TIMESTAMP
) ENGINE=InnoDB DEFAULT CHARSET=latin1;

--
-- Dumping data for table `masterpendidikanformal`
--

INSERT INTO `masterpendidikanformal` (`IdPendidikanFormal`, `PendidikanFormal`, `StatusAktif`, `TanggalDibuat`) VALUES
(1, 'SD', '1', NULL),
(2, 'SMP', '1', NULL),
(3, 'SMA/SMK', '1', NULL),
(4, 'DIII/DIV', '1', NULL),
(5, 'S1', '1', NULL),
(6, 'S2/dr/drg/Apoteker/Ners', '1', NULL),
(7, 'S3/dr. Spesialis', '1', NULL);

-- --------------------------------------------------------

--
-- Table structure for table `masterpos`
--

CREATE TABLE `masterpos` (
  `IdPos` int(11) NOT NULL,
  `Pos` varchar(60) DEFAULT NULL,
  `IdWilayahPos` int(11) DEFAULT NULL,
  `StatusAktif` char(1) DEFAULT NULL
) ENGINE=InnoDB DEFAULT CHARSET=latin1;

--
-- Dumping data for table `masterpos`
--

INSERT INTO `masterpos` (`IdPos`, `Pos`, `IdWilayahPos`, `StatusAktif`) VALUES
(1, 'PKM SRENGSENG SAWAH 2', 4, '1'),
(2, 'RSPAD GATOT SUBROTO', 1, '1'),
(3, 'RSUD CEMPAKA PUTIH', 1, '1'),
(4, 'RSUD TARAKAN', 1, '1'),
(5, 'PUSKESMAS KECAMATAN GROGOL PETAMBURAN', 2, '1'),
(6, 'KANTOR KECAMATAN KALIDERES', 2, '1'),
(7, 'PUSKESMAS KECAMATAN CENGKARENG ', 2, '1'),
(8, 'RSUD KEMBANGAN', 2, '1'),
(9, 'KANTOR KELURAHAN TANJUNG DUREN', 2, '1'),
(10, 'WALIKOTA JAKARTA UTARA', 3, '1'),
(11, 'DPK PERMAI', 3, '1'),
(12, 'PUSKESMAS KECAMATAN KELAPA GADING', 3, '1'),
(13, 'AGD SUNTER', 3, '1'),
(14, 'KECAMATAN PADEMANGAN', 3, '1'),
(15, 'PUSKESMAS KECAMATAN CILINCING', 3, '1'),
(16, 'PUSKESMAS KEL. TEBET', 4, '1'),
(17, 'DINAS PKP KETAPANG', 1, '1'),
(18, 'RSUD PASAR MINGGU 1', 4, '1'),
(19, 'RSUD MAMPANG PRAPATAN', 4, '1'),
(20, 'KECAMATAN KEBAYORAN LAMA 1', 4, '1'),
(21, 'RS ADHYAKSA', 5, '1'),
(22, 'POSPOL DUKUH II', 5, '1'),
(23, 'KANTOR KECAMATAN JATINEGARA', 5, '1'),
(24, 'POSPOL PEMUDA', 5, '1'),
(25, 'RSUK KRAMAT JATI', 5, '1'),
(26, 'DINAS PKP KETAPANG 2', 1, '1'),
(27, 'RSCM', 1, '1'),
(28, 'KOPERASI KELAPA GADING', 3, '1'),
(29, 'RSUD PASAR MINGGU 2', 4, '1'),
(30, 'KANTOR KELURAHAN SEMANAN', 2, '1'),
(31, 'KANTOR KELURAHAN DURI KEPA', 2, '1'),
(32, 'RSUK KRAMAT JATI 2', 5, '1'),
(33, 'RSUD KEPULAUAN SERIBU', 1, '1'),
(34, 'KANTOR KECAMATAN DUREN SAWIT', 5, '1'),
(35, 'PATUNG KUDA', 1, '1'),
(36, 'KEL. LEBAK BULUS', 4, '1'),
(37, 'TAMAN IMPIAN JAYA ANCOL', 3, '1'),
(38, 'AGD DINAS KESEHATAN 1', 1, '1'),
(39, 'KANTOR KECAMATAN TAMAN SARI', 2, '1'),
(40, 'KANTOR KECAMATAN PALMERAH', 2, '1'),
(41, 'KEL. RAWA BARAT', 4, '1'),
(42, 'Tester', 3, '1'),
(43, 'KANTOR KELURAHAN SLIPI', 2, '1'),
(44, 'NETS 2', 3, '1'),
(45, 'NETS 1', 1, '1'),
(46, 'PUSKESMAS KECAMATAN TAMBORA', 2, '1'),
(47, 'KECAMATAN TANAH ABANG', 1, '1'),
(48, 'KANTOR KELURAHAN KAPUK', 2, '1'),
(49, 'PKM SRENGSENG SAWAH', 4, '1'),
(50, 'WALIKOTA JAKARTA BARAT', 2, '1'),
(51, 'KEC KEBAYORAN LAMA 2', 4, '1'),
(52, 'RUSUN MARUNDA', 3, '1'),
(53, 'RUSUN CAKUNG BARAT', 5, '1'),
(54, 'KEC PENJARINGAN', 3, '1'),
(55, 'RSUD KEBAYORAN BARU', 4, '1'),
(56, 'KELURAHAN CIBUBUR', 5, '1'),
(57, 'GUDANG OBAT KEBAGUSAN 1', 4, '1'),
(58, 'POSPOL DUKUH I', 5, '1'),
(59, 'KANTOR KECAMATAN SETIABUDI', 4, '1'),
(60, 'SUDINKES JAKARTA SELATAN', 4, '1'),
(61, 'JAKARTA ISLAMIC CENTER (JIC)', 3, '1'),
(62, 'CILINCING', 3, '1'),
(63, 'GARDA BENCANA', 3, '1'),
(64, 'PUSKESMAS KELURAHAN PEGADUNGAN  2', 2, '1'),
(65, 'RUMAH DINAS KELURAHAN RAGUNAN', 4, '1'),
(66, 'RS PEKERJA', 3, '1'),
(67, 'RS ISLAM SUKAPURA', 3, '1'),
(68, 'RS ATMA JAYA', 3, '1'),
(69, 'GUDANG OBAT KEBAGUSAN 2', 4, '1'),
(70, 'PKM PANCORAN', 3, '1'),
(71, 'RS YARSI', 1, '1'),
(72, 'P3PNFI KECAMATAN KEBON JERUK', 2, '1'),
(73, 'KECAMATAN PASAR MINGGU', 4, '1'),
(74, 'TEST IT', 3, '1'),
(75, 'TERMINAL TERPADU PULOGEBANG', 3, '1'),
(76, 'KELURAHAN HALIM', 5, '1'),
(77, 'KELURAHAN CIRACAS', 5, '1'),
(78, 'PPOP RAGUNAN', 3, '1');

-- --------------------------------------------------------

--
-- Table structure for table `mastersasaranmutu`
--

CREATE TABLE `mastersasaranmutu` (
  `IdSasaranMutu` int(11) NOT NULL,
  `SasaranMutu` varchar(50) DEFAULT NULL,
  `StatusAktif` char(1) DEFAULT NULL
) ENGINE=InnoDB DEFAULT CHARSET=latin1;

--
-- Dumping data for table `mastersasaranmutu`
--

INSERT INTO `mastersasaranmutu` (`IdSasaranMutu`, `SasaranMutu`, `StatusAktif`) VALUES
(1, 'Sasaran1', '1'),
(2, 'Sasaran2', '1'),
(3, 'Sasaran3', '1'),
(4, 'Sasaran4', '1'),
(5, 'Sasaran5', '1');

-- --------------------------------------------------------

--
-- Table structure for table `masterstatuspegawai`
--

CREATE TABLE `masterstatuspegawai` (
  `IdStatusPegawai` int(11) NOT NULL,
  `StatusPegawai` varchar(20) NOT NULL,
  `StatusAktif` char(1) NOT NULL
) ENGINE=InnoDB DEFAULT CHARSET=latin1;

--
-- Dumping data for table `masterstatuspegawai`
--

INSERT INTO `masterstatuspegawai` (`IdStatusPegawai`, `StatusPegawai`, `StatusAktif`) VALUES
(1, 'Kontrak', '1'),
(2, 'Tetap', '1'),
(3, 'PNS', '1');

-- --------------------------------------------------------

--
-- Table structure for table `masterstatusperkawinan`
--

CREATE TABLE `masterstatusperkawinan` (
  `IdStatusPerkawinan` int(11) NOT NULL,
  `StatusPerkawinan` varchar(10) DEFAULT NULL,
  `StatusAktif` char(1) DEFAULT NULL
) ENGINE=InnoDB DEFAULT CHARSET=latin1;

-- --------------------------------------------------------

--
-- Table structure for table `mastersubmenu`
--

CREATE TABLE `mastersubmenu` (
  `IdSubMenu` int(11) NOT NULL,
  `IdMenu` int(11) NOT NULL,
  `IdMenuDropdown` int(11) NOT NULL,
  `SubMenu` varchar(100) DEFAULT NULL,
  `URL` varchar(100) DEFAULT NULL,
  `Icon` varchar(100) DEFAULT NULL,
  `StatusAktif` char(1) NOT NULL
) ENGINE=InnoDB DEFAULT CHARSET=latin1;

--
-- Dumping data for table `mastersubmenu`
--

INSERT INTO `mastersubmenu` (`IdSubMenu`, `IdMenu`, `IdMenuDropdown`, `SubMenu`, `URL`, `Icon`, `StatusAktif`) VALUES
(1, 2, 1, 'Dashboard', 'agd/kepegawaian/dashboard', '1', '1'),
(2, 2, 2, 'Master Pegawai', 'agd/kepegawaian/masterpegawai', '1', '1'),
(3, 2, 2, 'Master Jabatan', 'agd/kepegawaian/masterjabatan', '1', '1'),
(4, 2, 2, 'Master Gaji Pokok', 'agd/kepegawaian/mastergajipokok', '1', '1'),
(5, 2, 2, 'Master Gaji', 'agd/kepegawaian/mastergaji', '1', '1'),
(6, 2, 2, 'Master Aktivitas', 'agd/kepegawaian/masteraktivitas', '1', '1'),
(7, 2, 2, 'Master Waktu Kerja', 'agd/kepegawaian/masterwaktukerja', '1', '1'),
(8, 2, 3, 'Master Pendidikan Formal', 'agd/kepegawaian/masterpendidikanformal', '1', '1'),
(9, 2, 3, 'Master Masa Kerja', 'agd/kepegawaian/mastermasakerja', '1', '1'),
(10, 2, 3, 'Master PTKP', 'agd/kepegawaian/masterptkp', '1', '1'),
(11, 2, 3, 'Master Hubungan Keluarga', 'agd/kepegawaian/masterhubungankeluarga', '1', '1'),
(12, 2, 3, 'Master Agama', 'agd/kepegawaian/masteragama', '1', '1'),
(13, 2, 3, 'Master Status Pegawai', 'agd/kepegawaian/masterstatuspegawai', '1', '1'),
(14, 2, 3, 'Master Unit Kerja', 'agd/kepegawaian/masterunitkerja', '1', '1'),
(15, 2, 3, 'Master Jenis Jam Kerja', 'agd/kepegawaian/masterjenisjamkerja', '1', '1'),
(16, 2, 3, 'Master Status Perkawinan', 'agd/kepegawaian/masterstatusperkawinan', '1', '1'),
(17, 2, 4, 'Master Finger Print', 'agd/kepegawaian/mastermesinfingerprint', '1', '1'),
(18, 2, 4, 'Log Kehadiran', 'agd/kepegawaian/logkehadiran', '1', '1'),
(19, 2, 5, 'Gaji Pokok', 'agd/kepegawaian/gajipokok', '1', '1'),
(20, 2, 5, 'Gaji ', 'agd/kepegawaian/gaji', '1', '1'),
(21, 2, 5, 'Tunjangan', 'agd/kepegawaian/tunjangan', '1', '1'),
(22, 2, 5, 'Kehadiran Pegawai', 'agd/kepegawaian/kehadiranpegawai', '1', '1'),
(23, 2, 5, 'Cuti', 'agd/kepegawaian/cuti', '1', '1'),
(24, 2, 6, 'Shift', 'agd/kepegawaian/shift', '1', '1'),
(25, 2, 6, 'Non Shift', 'agd/kepegawaian/nonshift', '1', '1'),
(26, 2, 7, 'Edaran', 'agd/kepegawaian/edaran', '1', '1'),
(27, 2, 7, 'Berita', 'agd/kepegawaian/berita', '1', '1'),
(28, 2, 8, 'Setting Hak Akses', 'agd/kepegawaian/settinghakakses', '1', '1'),
(29, 2, 8, 'Master Login Pegawai', 'agd/kepegawaian/masterloginpegawai', '1', '1'),
(30, 2, 9, 'Ubah Password', 'agd/kepegawaian/ubahpassword', '1', '1'),
(31, 6, 10, 'Dashboard E-Kinerja', 'agd/ekinerja/dashboard', '1', '1'),
(32, 6, 11, 'Profil', 'agd/ekinerja/profil', '1', '1'),
(33, 6, 11, 'Sunting Profil', 'agd/ekinerja/suntingprofil', '1', '1'),
(34, 6, 12, 'Riwayat Gaji', 'agd/ekinerja/riwayatgaji', '1', '1'),
(35, 6, 12, 'Riwayat Tunjangan', 'agd/ekinerja/riwayattunjangan', '1', '1'),
(36, 6, 13, 'Riwayat Kehadiran', 'agd/ekinerja/riwayatkehadiran', '1', '1'),
(37, 6, 14, 'Input Kinerja Utama', 'agd/ekinerja/inputkinerjautama', '1', '1'),
(38, 6, 14, 'Input Kinerja Umum', 'agd/ekinerja/inputkinerjaumum', '1', '1'),
(39, 6, 14, 'Capaian Kinerja', 'agd/ekinerja/capaiankinerja', '1', '1'),
(43, 6, 15, 'Ubah Password', 'agd/ekinerja/ubahpassword', '1', '1'),
(40, 11, 16, 'Penilaian Kinerja', 'agd/ekinerja/penilaiankinerja', '1', '1'),
(44, 11, 16, 'Rekapitulasi Capaian Kinerja', 'agd/ekinerja/rekapitulasicapaiankinerja', '1', '1'),
(45, 11, 16, 'Cek Validasi Bawahan', 'agd/ekinerja/cekvalidasibawahan', '1', '1'),
(46, 11, 16, 'Setting Aktivitas Bawahan', 'agd/ekinerja/settingaktivitasbawahan', '1', '1');

-- --------------------------------------------------------

--
-- Table structure for table `mastertahun`
--

CREATE TABLE `mastertahun` (
  `IdTahun` int(11) NOT NULL,
  `Tahun` int(11) DEFAULT NULL
) ENGINE=InnoDB DEFAULT CHARSET=latin1;

--
-- Dumping data for table `mastertahun`
--

INSERT INTO `mastertahun` (`IdTahun`, `Tahun`) VALUES
(1, 2020),
(2, 2021),
(3, 2022);

-- --------------------------------------------------------

--
-- Table structure for table `mastertempatpendidikanformal`
--

CREATE TABLE `mastertempatpendidikanformal` (
  `IdTempatPendidikan` int(11) NOT NULL,
  `IdPendidikanFormal` int(11) NOT NULL,
  `TempatPendidikan` varchar(30) NOT NULL,
  `StatusEnabled` char(1) NOT NULL
) ENGINE=InnoDB DEFAULT CHARSET=latin1;

-- --------------------------------------------------------

--
-- Table structure for table `masterunitkerja`
--

CREATE TABLE `masterunitkerja` (
  `IdUnitKerja` int(11) NOT NULL,
  `UnitKerja` varchar(20) NOT NULL,
  `StatusAktif` char(1) NOT NULL
) ENGINE=InnoDB DEFAULT CHARSET=latin1;

--
-- Dumping data for table `masterunitkerja`
--

INSERT INTO `masterunitkerja` (`IdUnitKerja`, `UnitKerja`, `StatusAktif`) VALUES
(1, 'PELAYANAN', '1'),
(2, 'SUMBER DAYA', '1'),
(3, 'TATA USAHA', '1');

-- --------------------------------------------------------

--
-- Table structure for table `masterwaktukerja`
--

CREATE TABLE `masterwaktukerja` (
  `IdWaktuKerja` varchar(3) NOT NULL,
  `Keterangan` varchar(40) DEFAULT NULL,
  `JamMasuk` time DEFAULT NULL,
  `JamPulang` time DEFAULT NULL,
  `StatusAktif` char(1) DEFAULT NULL,
  `TanggalDibuat` timestamp NULL DEFAULT CURRENT_TIMESTAMP,
  `PenambahShift` int(11) DEFAULT NULL,
  `PenambahNonShift` int(11) DEFAULT NULL,
  `PengurangWaktuEfektif` int(11) DEFAULT NULL
) ENGINE=InnoDB DEFAULT CHARSET=latin1;

--
-- Dumping data for table `masterwaktukerja`
--

INSERT INTO `masterwaktukerja` (`IdWaktuKerja`, `Keterangan`, `JamMasuk`, `JamPulang`, `StatusAktif`, `TanggalDibuat`, `PenambahShift`, `PenambahNonShift`, `PengurangWaktuEfektif`) VALUES
('A', 'Alfa', '00:00:00', '00:00:00', '1', NULL, 450, 300, 5),
('C', 'Cuti Tahunan', '00:00:00', '00:00:00', '1', NULL, 450, 300, 0),
('CH', 'Cuti Hamil', '00:00:00', '00:00:00', '1', '2020-07-09 02:07:39', 225, 150, 0),
('CK', 'Cuti Khusus', '00:00:00', '00:00:00', '1', '2020-07-09 01:56:51', 225, 150, 0),
('D', 'Diklat', '00:00:00', '00:00:00', '1', '2020-07-09 01:56:36', 450, 300, 0),
('I', 'Izin', '00:00:00', '00:00:00', '1', NULL, 450, 300, 2),
('IA', 'Izin Alasan Penting', '00:00:00', '00:00:00', '1', NULL, 450, 300, 1),
('ICH', 'Izin Cuti Habis', '00:00:00', '00:00:00', '1', NULL, 450, 300, 5),
('IK', 'Izin Khusus', '00:00:00', '00:00:00', '1', '2020-07-09 01:55:29', 450, 300, 0),
('L', 'Libur', '00:00:00', '00:00:00', '1', NULL, 0, 0, 0),
('M', 'Shift Malam', '19:00:00', '07:00:00', '1', NULL, 0, 0, 0),
('N', 'Normal', '07:30:00', '16:00:00', '1', NULL, 0, 0, 0),
('NJ', 'Normal Jumat', '07:30:00', '16:30:00', '1', NULL, 0, 0, 0),
('P', 'Shift Pagi', '07:00:00', '19:00:00', '1', NULL, 0, 0, 0),
('SCH', 'Sakit Cuti Habis', '00:00:00', '00:00:00', '1', NULL, 450, 300, 5),
('SS', 'Sakit dengan Surat Sakit', '00:00:00', '00:00:00', '1', NULL, 450, 300, 1),
('STS', 'Sakit Tanpa Surat Sakit', '00:00:00', '00:00:00', '1', NULL, 225, 150, 2),
('TL', 'Tugas Luar', '00:00:00', '00:00:00', '1', '2020-07-09 01:56:29', 450, 300, 0);

-- --------------------------------------------------------

--
-- Table structure for table `masterwilayahpos`
--

CREATE TABLE `masterwilayahpos` (
  `IdWilayahPos` int(11) NOT NULL,
  `WilayahPos` varchar(30) DEFAULT NULL,
  `StatusAktif` char(1) DEFAULT NULL
) ENGINE=InnoDB DEFAULT CHARSET=latin1;

--
-- Dumping data for table `masterwilayahpos`
--

INSERT INTO `masterwilayahpos` (`IdWilayahPos`, `WilayahPos`, `StatusAktif`) VALUES
(1, 'JAKARTA PUSAT', '1'),
(2, 'JAKARTA BARAT', '1'),
(3, 'JAKARTA UTARA', '1'),
(4, 'JAKARTA SELATAN', '1'),
(5, 'JAKARTA TIMUR', '1');

-- --------------------------------------------------------

--
-- Table structure for table `riwayatalamatpegawai`
--

CREATE TABLE `riwayatalamatpegawai` (
  `IdAlamatPegawai` char(10) CHARACTER SET utf8mb4 NOT NULL,
  `IdPegawai` char(12) NOT NULL,
  `JenisAlamat` varchar(50) DEFAULT NULL,
  `AlamatLengkap` varchar(50) DEFAULT NULL,
  `Kelurahan` varchar(50) DEFAULT NULL,
  `Kecamatan` varchar(50) DEFAULT NULL,
  `KotaKabupaten` varchar(50) DEFAULT NULL,
  `Provinsi` varchar(50) DEFAULT NULL,
  `RTRW` varchar(10) DEFAULT NULL,
  `KodePos` varchar(10) DEFAULT NULL,
  `StatusAktif` char(1) DEFAULT NULL
) ENGINE=InnoDB DEFAULT CHARSET=latin1;

-- --------------------------------------------------------

--
-- Table structure for table `riwayatfilepegawai`
--

CREATE TABLE `riwayatfilepegawai` (
  `IdBerkasPegawai` int(11) NOT NULL,
  `IdPegawai` char(12) NOT NULL,
  `IdJenisBerkas` int(11) NOT NULL,
  `IdUser` char(12) NOT NULL,
  `LokasiBerkas` varchar(50) NOT NULL,
  `Keterangan` varchar(20) DEFAULT NULL,
  `TanggalUpload` timestamp NOT NULL DEFAULT CURRENT_TIMESTAMP
) ENGINE=InnoDB DEFAULT CHARSET=latin1;

-- --------------------------------------------------------

--
-- Table structure for table `riwayatkeluarga`
--

CREATE TABLE `riwayatkeluarga` (
  `IdRiwayatKeluarga` int(11) NOT NULL,
  `IdPegawai` char(12) DEFAULT NULL,
  `IdHubunganKeluarga` int(11) DEFAULT NULL,
  `NamaKeluarga` varchar(50) DEFAULT NULL,
  `PengakuanAGD` char(1) DEFAULT NULL
) ENGINE=InnoDB DEFAULT CHARSET=latin1;

--
-- Dumping data for table `riwayatkeluarga`
--

INSERT INTO `riwayatkeluarga` (`IdRiwayatKeluarga`, `IdPegawai`, `IdHubunganKeluarga`, `NamaKeluarga`, `PengakuanAGD`) VALUES
(1, '201911020822', 4, 'Siti Nurkhapsoh', '0'),
(2, '201206020200', 1, 'Suami', '1'),
(3, '201210010209', 2, 'Istri', '1'),
(4, '201210010209', 3, 'Anak', '1'),
(5, '201206020200', 3, 'Anak Pertama', '1'),
(6, '201206020200', 3, 'Anak Kedua', '1');

-- --------------------------------------------------------

--
-- Table structure for table `riwayatkinerja`
--

CREATE TABLE `riwayatkinerja` (
  `IdRiwayatKinerja` char(10) CHARACTER SET utf8mb4 NOT NULL,
  `IdPegawai` char(12) DEFAULT NULL,
  `IdAktivitas` int(11) DEFAULT NULL,
  `TanggalMulaiAktivitas` datetime DEFAULT NULL,
  `TanggalSelesaiAktivitas` datetime DEFAULT NULL,
  `VolumeAktivitas` int(11) DEFAULT NULL,
  `ValidasiAtasan` char(1) DEFAULT NULL
) ENGINE=InnoDB DEFAULT CHARSET=latin1;

--
-- Dumping data for table `riwayatkinerja`
--

INSERT INTO `riwayatkinerja` (`IdRiwayatKinerja`, `IdPegawai`, `IdAktivitas`, `TanggalMulaiAktivitas`, `TanggalSelesaiAktivitas`, `VolumeAktivitas`, `ValidasiAtasan`) VALUES
('1', '201911020822', 1, '2020-06-29 01:00:00', '2020-06-29 02:00:00', 60, '1');

-- --------------------------------------------------------

--
-- Table structure for table `riwayatpendidikanformal`
--

CREATE TABLE `riwayatpendidikanformal` (
  `IdPegawai` char(12) NOT NULL,
  `IdPendidikanFormal` int(11) NOT NULL,
  `IdTempatPendidikan` int(11) NOT NULL,
  `StatusPengakuan` char(1) DEFAULT NULL
) ENGINE=InnoDB DEFAULT CHARSET=latin1;

--
-- Dumping data for table `riwayatpendidikanformal`
--

INSERT INTO `riwayatpendidikanformal` (`IdPegawai`, `IdPendidikanFormal`, `IdTempatPendidikan`, `StatusPengakuan`) VALUES
('201206020200', 6, 1, '1'),
('201210010209', 4, 1, '1'),
('201210010213', 3, 1, '1'),
('201807010735', 1, 1, '1'),
('201911020822', 3, 1, '0'),
('201911020822', 5, 1, '1'),
('202006010824', 4, 1, '1');

-- --------------------------------------------------------

--
-- Table structure for table `riwayatperilaku`
--

CREATE TABLE `riwayatperilaku` (
  `IdPerilaku` int(11) NOT NULL,
  `IdPegawai` char(12) DEFAULT NULL,
  `TanggalPenilaian` date DEFAULT NULL,
  `NilaiPerilaku` int(11) DEFAULT NULL
) ENGINE=InnoDB DEFAULT CHARSET=latin1;

-- --------------------------------------------------------

--
-- Table structure for table `riwayatserapan`
--

CREATE TABLE `riwayatserapan` (
  `IdSerapan` int(11) NOT NULL,
  `Bulan` char(2) DEFAULT NULL,
  `Tahun` char(10) DEFAULT NULL,
  `NilaiSerapan` int(11) DEFAULT NULL
) ENGINE=InnoDB DEFAULT CHARSET=latin1;

--
-- Dumping data for table `riwayatserapan`
--

INSERT INTO `riwayatserapan` (`IdSerapan`, `Bulan`, `Tahun`, `NilaiSerapan`) VALUES
(2, '06', '2020', 80);

-- --------------------------------------------------------

--
-- Table structure for table `riwayatsuratpegawai`
--

CREATE TABLE `riwayatsuratpegawai` (
  `IdRiwayatSuratPegawai` int(11) NOT NULL,
  `IdPegawai` char(12) DEFAULT NULL,
  `IdJenisSurat` int(11) DEFAULT NULL,
  `NomorSurat` varchar(50) DEFAULT NULL,
  `NomorSertifikat` varchar(50) DEFAULT NULL,
  `TanggalBerlaku` date DEFAULT NULL,
  `TanggalBerakhir` date DEFAULT NULL,
  `TanggalUpdate` datetime DEFAULT NULL,
  `IdUser` char(12) DEFAULT NULL
) ENGINE=InnoDB DEFAULT CHARSET=latin1;

-- --------------------------------------------------------

--
-- Table structure for table `riwayattunjangan`
--

CREATE TABLE `riwayattunjangan` (
  `IdPegawai` char(12) NOT NULL,
  `Bulan` int(11) NOT NULL,
  `Tahun` int(11) NOT NULL,
  `JenisPendapatan` varchar(50) NOT NULL,
  `NamaLengkap` varchar(50) DEFAULT NULL,
  `PendidikanFormal` varchar(20) DEFAULT NULL,
  `MulaiKerja` date DEFAULT NULL,
  `MasaKerja` varchar(20) DEFAULT NULL,
  `StatusPTKP` char(2) DEFAULT NULL,
  `Pengkali` double DEFAULT NULL,
  `GajiPokok` int(11) DEFAULT NULL,
  `Grading` int(11) DEFAULT NULL,
  `TotalPendapatan` double DEFAULT NULL,
  `BPJSKesehatan1` double DEFAULT NULL,
  `BPJSKesehatan2` double DEFAULT NULL,
  `BPJSTK1` double DEFAULT NULL,
  `BPJSTK2` double DEFAULT NULL,
  `PTKP` double DEFAULT NULL,
  `PPH` double DEFAULT NULL,
  `Izin` char(10) CHARACTER SET utf8mb4 NOT NULL
) ENGINE=InnoDB DEFAULT CHARSET=latin1;

-- --------------------------------------------------------

--
-- Table structure for table `settingglobal`
--

CREATE TABLE `settingglobal` (
  `Prefix` varchar(30) NOT NULL,
  `VALUE` varchar(50) NOT NULL,
  `Keterangan` varchar(100) NOT NULL
) ENGINE=InnoDB DEFAULT CHARSET=latin1;

--
-- Dumping data for table `settingglobal`
--

INSERT INTO `settingglobal` (`Prefix`, `VALUE`, `Keterangan`) VALUES
('AbsenOtomatis', '1000', '5'),
('ValidasiKinerja', '0', 'Batas Input Tgl5');

-- --------------------------------------------------------

--
-- Stand-in structure for view `viewmasteragama`
--
CREATE TABLE `viewmasteragama` (
`IdAgama` int(11)
,`Agama` varchar(20)
,`StatusAktif` char(1)
,`TanggalDibuat` timestamp
,`StatusAktifAgama` varchar(11)
);

-- --------------------------------------------------------

--
-- Stand-in structure for view `viewmasterlogin`
--
CREATE TABLE `viewmasterlogin` (
`IdPegawai` char(12)
,`NamaLengkap` varchar(50)
,`Password` varchar(100)
,`IdHakAkses` int(11)
,`HakAkses` varchar(50)
,`StatusAktif` char(1)
,`TerakhirLogin` datetime
,`TanggalDibuat` timestamp
,`KeteranganDivisi` varchar(20)
,`TanggalLahir` date
,`NomorHandphone` varchar(13)
,`Email` varchar(100)
);

-- --------------------------------------------------------

--
-- Stand-in structure for view `viewmastermappingaktivitas`
--
CREATE TABLE `viewmastermappingaktivitas` (
`IdMappingAktivitas` int(11)
,`IdPegawai` char(12)
,`NamaLengkap` varchar(50)
,`IdAktivitas` int(11)
,`Aktivitas` varchar(500)
,`WaktuEfektif` int(11)
,`StatusAktif` char(1)
);

-- --------------------------------------------------------

--
-- Stand-in structure for view `viewmastermasakerja`
--
CREATE TABLE `viewmastermasakerja` (
`IdMasaKerja` int(11)
,`MasaKerja1` int(11)
,`MasaKerja2` int(11)
,`StatusAktif` char(1)
,`TanggalDibuat` timestamp
,`StatusAktifMasaKerja` varchar(11)
);

-- --------------------------------------------------------

--
-- Stand-in structure for view `viewmasterpegawai`
--
CREATE TABLE `viewmasterpegawai` (
`IdPegawai` char(12)
,`NamaLengkap` varchar(50)
,`JenisKelamin` char(1)
,`Email` varchar(100)
,`NomorHandphone` varchar(13)
,`StatusAktif` char(1)
,`IdStatusPegawai` int(11)
,`TanggalDibuat` timestamp
,`StatusAktifPegawai` varchar(11)
,`Jabatan` varchar(100)
,`IdJabatan` int(11)
,`IdJabatanAtasan` int(11)
);

-- --------------------------------------------------------

--
-- Stand-in structure for view `viewmasterpendidikanformal`
--
CREATE TABLE `viewmasterpendidikanformal` (
`IdPendidikanFormal` int(11)
,`PendidikanFormal` varchar(30)
,`StatusAktif` char(1)
,`TanggalDibuat` timestamp
,`StatusAktifPendidikanFormal` varchar(11)
);

-- --------------------------------------------------------

--
-- Stand-in structure for view `viewmasterptkp`
--
CREATE TABLE `viewmasterptkp` (
`IdPTKP` int(11)
,`PTKP` varchar(5)
,`Keterangan` varchar(50)
,`StatusAktif` char(1)
,`TanggalDibuat` timestamp
,`StatusAktifPTKP` varchar(11)
);

-- --------------------------------------------------------

--
-- Stand-in structure for view `viewmasterwaktukerja`
--
CREATE TABLE `viewmasterwaktukerja` (
`IdWaktuKerja` varchar(3)
,`Keterangan` varchar(40)
,`JamMasuk` time
,`JamPulang` time
,`StatusAktif` char(1)
,`TanggalDibuat` timestamp
,`StatusAktifWaktuKerja` varchar(11)
);

-- --------------------------------------------------------

--
-- Stand-in structure for view `viewriwayatkeluarga`
--
CREATE TABLE `viewriwayatkeluarga` (
`IdPegawai` char(12)
,`NamaLengkap` varchar(50)
,`NamaKeluarga` varchar(50)
,`HubunganKeluarga` varchar(20)
);

-- --------------------------------------------------------

--
-- Structure for view `viewmasteragama`
--
DROP TABLE IF EXISTS `viewmasteragama`;

CREATE ALGORITHM=UNDEFINED DEFINER=`root`@`localhost` SQL SECURITY DEFINER VIEW `viewmasteragama`  AS  select `masteragama`.`IdAgama` AS `IdAgama`,`masteragama`.`Agama` AS `Agama`,`masteragama`.`StatusAktif` AS `StatusAktif`,`masteragama`.`TanggalDibuat` AS `TanggalDibuat`,(case when (`masteragama`.`StatusAktif` = '1') then 'Aktif' else 'Tidak Aktif' end) AS `StatusAktifAgama` from `masteragama` ;

-- --------------------------------------------------------

--
-- Structure for view `viewmasterlogin`
--
DROP TABLE IF EXISTS `viewmasterlogin`;

CREATE ALGORITHM=UNDEFINED DEFINER=`root`@`localhost` SQL SECURITY DEFINER VIEW `viewmasterlogin`  AS  select `masterlogin`.`IdPegawai` AS `IdPegawai`,`masterpegawai`.`NamaLengkap` AS `NamaLengkap`,`masterlogin`.`Password` AS `Password`,`masterlogin`.`IdHakAkses` AS `IdHakAkses`,`masterhakakses`.`HakAkses` AS `HakAkses`,`masterlogin`.`StatusAktif` AS `StatusAktif`,`masterlogin`.`TerakhirLogin` AS `TerakhirLogin`,`masterlogin`.`TanggalDibuat` AS `TanggalDibuat`,`masterlogin`.`KeteranganDivisi` AS `KeteranganDivisi`,`masterpegawai`.`TanggalLahir` AS `TanggalLahir`,`masterpegawai`.`NomorHandphone` AS `NomorHandphone`,`masterpegawai`.`Email` AS `Email` from ((`masterlogin` left join `masterhakakses` on((`masterlogin`.`IdHakAkses` = `masterhakakses`.`IdHakAkses`))) left join `masterpegawai` on((`masterlogin`.`IdPegawai` = `masterpegawai`.`IdPegawai`))) ;

-- --------------------------------------------------------

--
-- Structure for view `viewmastermappingaktivitas`
--
DROP TABLE IF EXISTS `viewmastermappingaktivitas`;

CREATE ALGORITHM=UNDEFINED DEFINER=`root`@`localhost` SQL SECURITY DEFINER VIEW `viewmastermappingaktivitas`  AS  select `mastermappingaktivitas`.`IdMappingAktivitas` AS `IdMappingAktivitas`,`mastermappingaktivitas`.`IdPegawai` AS `IdPegawai`,`masterpegawai`.`NamaLengkap` AS `NamaLengkap`,`mastermappingaktivitas`.`IdAktivitas` AS `IdAktivitas`,`masteraktivitas`.`Aktivitas` AS `Aktivitas`,`masteraktivitas`.`WaktuEfektif` AS `WaktuEfektif`,`masteraktivitas`.`StatusAktif` AS `StatusAktif` from ((`mastermappingaktivitas` left join `masterpegawai` on((`mastermappingaktivitas`.`IdPegawai` = `masterpegawai`.`IdPegawai`))) left join `masteraktivitas` on((`mastermappingaktivitas`.`IdAktivitas` = `masteraktivitas`.`IdAktivitas`))) ;

-- --------------------------------------------------------

--
-- Structure for view `viewmastermasakerja`
--
DROP TABLE IF EXISTS `viewmastermasakerja`;

CREATE ALGORITHM=UNDEFINED DEFINER=`root`@`localhost` SQL SECURITY DEFINER VIEW `viewmastermasakerja`  AS  select `gajimasakerja`.`IdMasaKerja` AS `IdMasaKerja`,`gajimasakerja`.`MasaKerja1` AS `MasaKerja1`,`gajimasakerja`.`MasaKerja2` AS `MasaKerja2`,`gajimasakerja`.`StatusAktif` AS `StatusAktif`,`gajimasakerja`.`TanggalDibuat` AS `TanggalDibuat`,(case when (`gajimasakerja`.`StatusAktif` = '1') then 'Aktif' else 'Tidak Aktif' end) AS `StatusAktifMasaKerja` from `gajimasakerja` ;

-- --------------------------------------------------------

--
-- Structure for view `viewmasterpegawai`
--
DROP TABLE IF EXISTS `viewmasterpegawai`;

CREATE ALGORITHM=UNDEFINED DEFINER=`root`@`localhost` SQL SECURITY DEFINER VIEW `viewmasterpegawai`  AS  select `masterpegawai`.`IdPegawai` AS `IdPegawai`,`masterpegawai`.`NamaLengkap` AS `NamaLengkap`,`masterpegawai`.`JenisKelamin` AS `JenisKelamin`,`masterpegawai`.`Email` AS `Email`,`masterpegawai`.`NomorHandphone` AS `NomorHandphone`,`masterpegawai`.`StatusAktif` AS `StatusAktif`,`masterpegawai`.`IdStatusPegawai` AS `IdStatusPegawai`,`masterpegawai`.`TanggalDibuat` AS `TanggalDibuat`,(case when (`masterpegawai`.`StatusAktif` = '1') then 'Aktif' else 'Tidak Aktif' end) AS `StatusAktifPegawai`,`masterjabatan`.`Jabatan` AS `Jabatan`,`masterpegawai`.`IdJabatan` AS `IdJabatan`,`masterpegawai`.`IdJabatanAtasan` AS `IdJabatanAtasan` from (`masterpegawai` left join `masterjabatan` on((`masterpegawai`.`IdJabatan` = `masterjabatan`.`IdJabatan`))) ;

-- --------------------------------------------------------

--
-- Structure for view `viewmasterpendidikanformal`
--
DROP TABLE IF EXISTS `viewmasterpendidikanformal`;

CREATE ALGORITHM=UNDEFINED DEFINER=`root`@`localhost` SQL SECURITY DEFINER VIEW `viewmasterpendidikanformal`  AS  select `masterpendidikanformal`.`IdPendidikanFormal` AS `IdPendidikanFormal`,`masterpendidikanformal`.`PendidikanFormal` AS `PendidikanFormal`,`masterpendidikanformal`.`StatusAktif` AS `StatusAktif`,`masterpendidikanformal`.`TanggalDibuat` AS `TanggalDibuat`,(case when (`masterpendidikanformal`.`StatusAktif` = '1') then 'Aktif' else 'Tidak Aktif' end) AS `StatusAktifPendidikanFormal` from `masterpendidikanformal` ;

-- --------------------------------------------------------

--
-- Structure for view `viewmasterptkp`
--
DROP TABLE IF EXISTS `viewmasterptkp`;

CREATE ALGORITHM=UNDEFINED DEFINER=`root`@`localhost` SQL SECURITY DEFINER VIEW `viewmasterptkp`  AS  select `gajiptkp`.`IdPTKP` AS `IdPTKP`,`gajiptkp`.`PTKP` AS `PTKP`,`gajiptkp`.`Keterangan` AS `Keterangan`,`gajiptkp`.`StatusAktif` AS `StatusAktif`,`gajiptkp`.`TanggalDibuat` AS `TanggalDibuat`,(case when (`gajiptkp`.`StatusAktif` = '1') then 'Aktif' else 'Tidak Aktif' end) AS `StatusAktifPTKP` from `gajiptkp` ;

-- --------------------------------------------------------

--
-- Structure for view `viewmasterwaktukerja`
--
DROP TABLE IF EXISTS `viewmasterwaktukerja`;

CREATE ALGORITHM=UNDEFINED DEFINER=`root`@`localhost` SQL SECURITY DEFINER VIEW `viewmasterwaktukerja`  AS  select `masterwaktukerja`.`IdWaktuKerja` AS `IdWaktuKerja`,`masterwaktukerja`.`Keterangan` AS `Keterangan`,`masterwaktukerja`.`JamMasuk` AS `JamMasuk`,`masterwaktukerja`.`JamPulang` AS `JamPulang`,`masterwaktukerja`.`StatusAktif` AS `StatusAktif`,`masterwaktukerja`.`TanggalDibuat` AS `TanggalDibuat`,(case when (`masterwaktukerja`.`StatusAktif` = '1') then 'Aktif' else 'Tidak Aktif' end) AS `StatusAktifWaktuKerja` from `masterwaktukerja` ;

-- --------------------------------------------------------

--
-- Structure for view `viewriwayatkeluarga`
--
DROP TABLE IF EXISTS `viewriwayatkeluarga`;

CREATE ALGORITHM=UNDEFINED DEFINER=`root`@`localhost` SQL SECURITY DEFINER VIEW `viewriwayatkeluarga`  AS  select `riwayatkeluarga`.`IdPegawai` AS `IdPegawai`,`masterpegawai`.`NamaLengkap` AS `NamaLengkap`,`riwayatkeluarga`.`NamaKeluarga` AS `NamaKeluarga`,`masterhubungankeluarga`.`HubunganKeluarga` AS `HubunganKeluarga` from ((`riwayatkeluarga` join `masterhubungankeluarga` on((`riwayatkeluarga`.`IdHubunganKeluarga` = `masterhubungankeluarga`.`IdHubunganKeluarga`))) left join `masterpegawai` on((`riwayatkeluarga`.`IdPegawai` = `masterpegawai`.`IdPegawai`))) ;

--
-- Indexes for dumped tables
--

--
-- Indexes for table `gajimasakerja`
--
ALTER TABLE `gajimasakerja`
  ADD PRIMARY KEY (`IdMasaKerja`);

--
-- Indexes for table `gajipokok`
--
ALTER TABLE `gajipokok`
  ADD PRIMARY KEY (`IdMasaKerja`,`IdPendidikanFormal`,`IdPTKP`);

--
-- Indexes for table `gajiptkp`
--
ALTER TABLE `gajiptkp`
  ADD PRIMARY KEY (`IdPTKP`);

--
-- Indexes for table `logkehadiran`
--
ALTER TABLE `logkehadiran`
  ADD PRIMARY KEY (`IdPegawai`,`NomorHandKey`,`TanggalLog`);

--
-- Indexes for table `logtokenregistrasi`
--
ALTER TABLE `logtokenregistrasi`
  ADD PRIMARY KEY (`IdToken`);

--
-- Indexes for table `masteragama`
--
ALTER TABLE `masteragama`
  ADD PRIMARY KEY (`IdAgama`);

--
-- Indexes for table `masteraksesmenu`
--
ALTER TABLE `masteraksesmenu`
  ADD PRIMARY KEY (`IdHakAkses`,`IdMenu`);

--
-- Indexes for table `masteraktivitas`
--
ALTER TABLE `masteraktivitas`
  ADD PRIMARY KEY (`IdAktivitas`);

--
-- Indexes for table `masterbulan`
--
ALTER TABLE `masterbulan`
  ADD PRIMARY KEY (`IdBulan`);

--
-- Indexes for table `masterhakakses`
--
ALTER TABLE `masterhakakses`
  ADD PRIMARY KEY (`IdHakAkses`);

--
-- Indexes for table `masterhubungankeluarga`
--
ALTER TABLE `masterhubungankeluarga`
  ADD PRIMARY KEY (`IdHubunganKeluarga`);

--
-- Indexes for table `masterinformasi`
--
ALTER TABLE `masterinformasi`
  ADD PRIMARY KEY (`IdInformasi`);

--
-- Indexes for table `masterjabatan`
--
ALTER TABLE `masterjabatan`
  ADD PRIMARY KEY (`IdJabatan`);

--
-- Indexes for table `masterjadwalkerja`
--
ALTER TABLE `masterjadwalkerja`
  ADD PRIMARY KEY (`IdPegawai`,`JadwalKerja`,`JenisJadwal`);

--
-- Indexes for table `masterjenisberkas`
--
ALTER TABLE `masterjenisberkas`
  ADD PRIMARY KEY (`IdJenisBerkas`);

--
-- Indexes for table `masterjenisjamkerja`
--
ALTER TABLE `masterjenisjamkerja`
  ADD PRIMARY KEY (`IdJenisJamKerja`);

--
-- Indexes for table `masterkinerjapegawai`
--
ALTER TABLE `masterkinerjapegawai`
  ADD PRIMARY KEY (`IdKinerja`);

--
-- Indexes for table `masterlogin`
--
ALTER TABLE `masterlogin`
  ADD PRIMARY KEY (`IdPegawai`);

--
-- Indexes for table `mastermappingaktivitas`
--
ALTER TABLE `mastermappingaktivitas`
  ADD PRIMARY KEY (`IdMappingAktivitas`);

--
-- Indexes for table `mastermenu`
--
ALTER TABLE `mastermenu`
  ADD PRIMARY KEY (`IdMenu`);

--
-- Indexes for table `mastermenudropdown`
--
ALTER TABLE `mastermenudropdown`
  ADD PRIMARY KEY (`IdMenuDropdown`);

--
-- Indexes for table `mastermesinfingerprint`
--
ALTER TABLE `mastermesinfingerprint`
  ADD PRIMARY KEY (`IPMesin`);

--
-- Indexes for table `masterpegawai`
--
ALTER TABLE `masterpegawai`
  ADD PRIMARY KEY (`IdPegawai`);

--
-- Indexes for table `masterpendidikanformal`
--
ALTER TABLE `masterpendidikanformal`
  ADD PRIMARY KEY (`IdPendidikanFormal`);

--
-- Indexes for table `masterpos`
--
ALTER TABLE `masterpos`
  ADD PRIMARY KEY (`IdPos`);

--
-- Indexes for table `mastersasaranmutu`
--
ALTER TABLE `mastersasaranmutu`
  ADD PRIMARY KEY (`IdSasaranMutu`);

--
-- Indexes for table `masterstatuspegawai`
--
ALTER TABLE `masterstatuspegawai`
  ADD PRIMARY KEY (`IdStatusPegawai`);

--
-- Indexes for table `masterstatusperkawinan`
--
ALTER TABLE `masterstatusperkawinan`
  ADD PRIMARY KEY (`IdStatusPerkawinan`);

--
-- Indexes for table `mastersubmenu`
--
ALTER TABLE `mastersubmenu`
  ADD PRIMARY KEY (`IdMenu`,`IdMenuDropdown`,`IdSubMenu`);

--
-- Indexes for table `mastertahun`
--
ALTER TABLE `mastertahun`
  ADD PRIMARY KEY (`IdTahun`);

--
-- Indexes for table `mastertempatpendidikanformal`
--
ALTER TABLE `mastertempatpendidikanformal`
  ADD PRIMARY KEY (`IdTempatPendidikan`),
  ADD KEY `FK_TempatPendidikanFormal_TempatPendidikanFormal` (`IdPendidikanFormal`);

--
-- Indexes for table `masterunitkerja`
--
ALTER TABLE `masterunitkerja`
  ADD PRIMARY KEY (`IdUnitKerja`);

--
-- Indexes for table `masterwaktukerja`
--
ALTER TABLE `masterwaktukerja`
  ADD PRIMARY KEY (`IdWaktuKerja`);

--
-- Indexes for table `masterwilayahpos`
--
ALTER TABLE `masterwilayahpos`
  ADD PRIMARY KEY (`IdWilayahPos`);

--
-- Indexes for table `riwayatalamatpegawai`
--
ALTER TABLE `riwayatalamatpegawai`
  ADD PRIMARY KEY (`IdAlamatPegawai`);

--
-- Indexes for table `riwayatfilepegawai`
--
ALTER TABLE `riwayatfilepegawai`
  ADD PRIMARY KEY (`IdBerkasPegawai`);

--
-- Indexes for table `riwayatkeluarga`
--
ALTER TABLE `riwayatkeluarga`
  ADD PRIMARY KEY (`IdRiwayatKeluarga`);

--
-- Indexes for table `riwayatkinerja`
--
ALTER TABLE `riwayatkinerja`
  ADD PRIMARY KEY (`IdRiwayatKinerja`);

--
-- Indexes for table `riwayatpendidikanformal`
--
ALTER TABLE `riwayatpendidikanformal`
  ADD PRIMARY KEY (`IdPegawai`,`IdPendidikanFormal`);

--
-- Indexes for table `riwayatperilaku`
--
ALTER TABLE `riwayatperilaku`
  ADD PRIMARY KEY (`IdPerilaku`);

--
-- Indexes for table `riwayatserapan`
--
ALTER TABLE `riwayatserapan`
  ADD PRIMARY KEY (`IdSerapan`);

--
-- Indexes for table `riwayatsuratpegawai`
--
ALTER TABLE `riwayatsuratpegawai`
  ADD PRIMARY KEY (`IdRiwayatSuratPegawai`);

--
-- Indexes for table `riwayattunjangan`
--
ALTER TABLE `riwayattunjangan`
  ADD PRIMARY KEY (`IdPegawai`,`Bulan`,`Tahun`,`JenisPendapatan`);

--
-- AUTO_INCREMENT for dumped tables
--

--
-- AUTO_INCREMENT for table `gajimasakerja`
--
ALTER TABLE `gajimasakerja`
  MODIFY `IdMasaKerja` int(11) NOT NULL AUTO_INCREMENT, AUTO_INCREMENT=18;
--
-- AUTO_INCREMENT for table `gajiptkp`
--
ALTER TABLE `gajiptkp`
  MODIFY `IdPTKP` int(11) NOT NULL AUTO_INCREMENT, AUTO_INCREMENT=5;
--
-- AUTO_INCREMENT for table `masteragama`
--
ALTER TABLE `masteragama`
  MODIFY `IdAgama` int(11) NOT NULL AUTO_INCREMENT, AUTO_INCREMENT=3;
--
-- AUTO_INCREMENT for table `masterbulan`
--
ALTER TABLE `masterbulan`
  MODIFY `IdBulan` int(11) NOT NULL AUTO_INCREMENT, AUTO_INCREMENT=13;
--
-- AUTO_INCREMENT for table `masterhubungankeluarga`
--
ALTER TABLE `masterhubungankeluarga`
  MODIFY `IdHubunganKeluarga` int(11) NOT NULL AUTO_INCREMENT, AUTO_INCREMENT=7;
--
-- AUTO_INCREMENT for table `masterjabatan`
--
ALTER TABLE `masterjabatan`
  MODIFY `IdJabatan` int(11) NOT NULL AUTO_INCREMENT, AUTO_INCREMENT=94;
--
-- AUTO_INCREMENT for table `mastermappingaktivitas`
--
ALTER TABLE `mastermappingaktivitas`
  MODIFY `IdMappingAktivitas` int(11) NOT NULL AUTO_INCREMENT, AUTO_INCREMENT=17;
--
-- AUTO_INCREMENT for table `masterpendidikanformal`
--
ALTER TABLE `masterpendidikanformal`
  MODIFY `IdPendidikanFormal` int(11) NOT NULL AUTO_INCREMENT, AUTO_INCREMENT=8;
--
-- AUTO_INCREMENT for table `riwayatperilaku`
--
ALTER TABLE `riwayatperilaku`
  MODIFY `IdPerilaku` int(11) NOT NULL AUTO_INCREMENT;
--
-- AUTO_INCREMENT for table `riwayatserapan`
--
ALTER TABLE `riwayatserapan`
  MODIFY `IdSerapan` int(11) NOT NULL AUTO_INCREMENT, AUTO_INCREMENT=3;
--
-- Constraints for dumped tables
--

--
-- Constraints for table `mastertempatpendidikanformal`
--
ALTER TABLE `mastertempatpendidikanformal`
  ADD CONSTRAINT `FK_TempatPendidikanFormal_TempatPendidikanFormal` FOREIGN KEY (`IdPendidikanFormal`) REFERENCES `masterpendidikanformal` (`IdPendidikanFormal`) ON DELETE NO ACTION ON UPDATE NO ACTION;

/*!40101 SET CHARACTER_SET_CLIENT=@OLD_CHARACTER_SET_CLIENT */;
/*!40101 SET CHARACTER_SET_RESULTS=@OLD_CHARACTER_SET_RESULTS */;
/*!40101 SET COLLATION_CONNECTION=@OLD_COLLATION_CONNECTION */;
